,ArtistName,ArtistID
0,ZAYN,5ZsFI1h6hIdQRw2ti0hz81
1,Josylvio,1wFoE1RwBMWoWkXcFrCgsx
2,Trippie Redd,6Xgp2XMz1fhVYe7i6yNAax
3,Alessia Cara,2wUjUUtkb5lvLKcGKsKqsR
4,The Killers,0C0XlULifJtAgn6ZNCW2eu
5,Jacin Trill,4hKoG9QvxsFDLIntc6tZ0g
6,あたらよ,2yRnjWtHzmDELwYaUiX0Yh
7,Cardi B,4kYSro6naA4h99UJvo89HB
8,Thalia,23wEWD21D4TPYiJugoXmYb
9,Kygo,23fqKkggKUBHNkbKtXEls4
10,KC Rebell,5p7mWeX4RlvqBCxylfiXdE
11,Armin van Buuren,0SfsnGyD8FpIN4U4WCkBZ5
12,Eddy de Pretto,7rFugkk9ZvVB1zXHg8h0rj
13,Michele Morrone,03fLoIOO015incUitpfkad
14,Busta Rhymes,1YfEcTuGvBQ8xSD1f53UnK
15,Ufo361,5pVRwX5ZQR7hfJ18w8ZYkl
16,Fall Out Boy,4UXqAaa6dQYAk18Lv7PEgX
17,Hooligan Hefs,1VXE1xqGNlT9HG6TcjpQ9I
18,Kaza,4MRRW42s9ymwa5zu4xTKJh
19,PNL,3NH8t45zOTqzlZgBvZRjvB
20,Samra,6h1s4i4XKIYv4ErDelLDN0
21,Lefa,25yJrwrn5I0EUdQEiTtNSO
22,Lil Kleine,3AlRiyjMywTVNzTcHbf9QT
23,Mister V,5qisLjDrKoHMI9zOK2hfzs
24,3robi,51MxI9mWmRMPLK9eNlyQ7o
25,Bridde Boys,3MXwHgXTLymeCniKY1H3aM
26,Kosso,6j2HGKxQpvoTFC5UCDq5mb
27,Selma Omari,2gLdG0pJEOmwWf6eDrbtyg
28,DJ A1,7ao5uJZUsPeVpWlNkkjWyx
29,Katja Krasavice,0lFLP59V4TY3XgnrkFIwxK
30,Bausa,13bDjug9N0pyv3ZUINjkDV
31,Alonzo,2z2TRvloJt4EfUNQp9rHAi
32,Chance the Rapper,1anyVhU62p31KFi8MEzkbf
33,Jax Jones,4Q6nIcaBED8qUel8bBx6Cr
34,Jebroer,7jp5R1aY7kmwBYX3jIu9yk
35,Various Artists,0LyfQWJT6nXafLPZqxe9Of
36,Broederliefde,5GvMLzUp6tMBpaCbr903RN
37,Jorja Smith,1CoZyIx7UvdxT5c8UkMzHd
38,Imany,74eY8wbrhhVD7pACbBHwHw
39,Cro,3utZ2yeQk0Z3BCOBWP7Vlu
40,Sneazzy,1cA379ILgR07m7XQVXyP6Q
41,Lacrim,7DUTsWY3RBd64vh8UtgtYA
42,TJ_beastboy,7l8dcABCTyZKrkskt53Z2u
43,Childish Gambino,73sIBHcqh3Z3NyqHKZ7FOL
44,Bato,5g3TY29rk8El8lvejImgso
45,Dua Lipa,6M2wZ9GZgrQXHCFfjv46we
46,Idaly,1EYdbYpGAuJy6uZo4sVMoM
47,ScHoolboy Q,5IcR3N7QB1j6KBL8eImZ8m
48,Niska,7CUFPNi1TU8RowpnFRSsZV
49,Morgan Wallen,4oUHIQIBe0LHzYfvXNW4QM
50,Fredo,3rbtPd0NcvhO2AzMfzx90z
51,Kaaris,1ntQKIMIgESKpKoNXVBvQg
52,Lijpe x Ismo,7AJmdVvoXRjl6WUlwrMlex
53,Shirin David,0JBdTCGs111JKKYfLqOEBa
54,Dave,6Ip8FS7vWT1uKkJSweANQK
55,Lil Baby,5f7VJjfbwm532GiveGC0ZK
56,Racoon,30mNTnmvPn3HwXA5dW1Iza
57,Tory Lanez,2jku7tDXc6XoB6MO2hFuqg
58,Lil Tecca,4Ga1P7PMIsmqEZqhYZQgDo
59,Taylor Swift,06HL4z0CvFAxyc27GXpf02
60,Hamza,5gs4Sm2WQUkcGeikMcVHbh
61,XXXTENTACION,15UsOTVnJzReFVN1VCnxy4
62,JOYCA,5AqhBC5pt6b0WVpUAII1Ro
63,Big Toe,18Zq5h68TQ6kurXzRNHJDo
64,187 Strassenbande,2j2rh3oQh4QEUnNTDKYSJD
65,BTS,3Nrfpe0tUJi4K4DXYWgMUX
66,Nekfeu,4LXBc13z5EWsc5N32bLxfH
67,DA Uzi,3xEJ7cDz5rdg6VM8E6Mqhf
68,METRICKZ,2P7AfQW941UU324qq2ggZf
69,Lartiste,6HhnhnxLsowYuuejvku0Bz
70,Years & Years,5vBSrE1xujD2FXYRarbAXc
71,Genetikk,41LLNWUptvfbQ9Q7oCefmg
72,Rooz,22qcssYcY9HKu3mgcXXEGq
73,LEA,5Yo5iU2nf4H41waPl4ZnS1
74,MMZ,20amiDsCI5EwB6xy37h44k
75,Sam Smith,2wY79sveU1sp5g7SokKOiI
76,Macklemore & Ryan Lewis,5BcAKTbp20cv7tC5VqPFoC
77,RIN,18ISxWwWjV6rPLoVCXf1dz
78,Monk,0jEyGu5QKLxQ2tIZVnRbfE
79,Twenty One Pilots,3YQKmKGau1PzlVlkL1iodx
80,Mac Miller,4LLpKhyESsyAXpc4laK94U
81,Marracash,5AZuEF0feCXMkUCwQiQlW7
82,Future,1RyvyyTE3xzB2ZywiAwp0i
83,Cast Of “Mamma Mia! Here We Go Again”,1yjracK9CNmMgZo5myCuqu
84,Sam Fender,6zlR5ttMfMNmwf2lecU9Cc
85,Band Aid 20,71UcB6UtI3juKDx2wsOaqn
86,Noah Kahan,2RQXRUsr4IW1f3mKyKsy4B
87,Olexesh,2Z9KL8Zmqx5Sg3cd7Fldhl
88,Katy Perry,6jJ0s89eD6GaHleKKya26X
89,Dylisa,1EZhPZUiU6c52gOAZLIcR2
90,Hef,7ge3QfYPMTjDbMoVLuuIuJ
91,Timal,2ptKt4yP4mYRZmvi09JYyi
92,Iggy Azalea,5yG7ZAZafVaAlMTeBybKAL
93,Le Motif,0HdLXCWPtmK9wgd7CyNuj3
94,Glass Animals,4yvcSjfu4PC0CYQyLy4wSq
95,La Synesia,1xAkr1syMoClC66pHMk2Eq
96,Veysel,4VuARVJiWGsH2msKTdsKdQ
97,Drax Project,6S0IvKlvPMX1RtAYtVpUV8
98,K'NAAN,7pGyQZx9thVa8GxMBeXscB
99,Calum Scott,6ydoSd3N2mwgwBHtF6K7eX
100,Rohff,32UhRcgdXO6LdLhOpfIdxp
101,Novelbright,0jWCX6zp4RjWrmZRxJ2uri
102,Illy,6NFyaN9PMCDZ3LKxGwHAXt
103,Headie One,6UCQYrcJ6wab6gnQ89OJFh
104,Mark Ronson,3hv9jJF3adDNsBSIQDqcjp
105,Majoe,1a71mkqZC54WhePSbnq7RK
106,Little Mix,3e7awlrlDSwF3iM0WBjGMp
107,2 Chainz,17lzZA2AlOHwCwFALHttmp
108,The Jackson 5,2iE18Oxc8YSumAU232n4rW
109,Tate McRae,45dkTj5sMRSjrmBSBeiHym
110,Baby Keem,5SXuuuRpukkTvsLuUknva1
111,RK,2s7fZ34RK8RUJQ2ewsh6I5
112,R3HAB,6cEuCEZu7PAE9ZSzLLc2oQ
113,Internet Money,6MPCFvOQv5cIGfw3jODMF0
114,Gunna,2hlmm7s2ICUX0LVIhVFlZQ
115,SALU,2AwGvrbcvOSx5HDwc4OQE3
116,Stormzy,2SrSdSvpminqmStGELCSNd
117,Kalash,3J7r4VsNmuWixU0nXvyPd8
118,ASHE 22,3tTvSeZiFDP3CY5EdPGcR4
119,Ali471,2hH16roqnQFy0PdSmgZRSJ
120,Judy Garland,0hItVPjwJLVZrFqOyIsxPf
121,Chillinit,5TUXXyB6ZKCdd0vQx6yR2J
122,Capital Bra,4WZGDpNwrC0vNQyl9QzF7d
123,もさを。,71KI7v1YqVU8cIFzBl47dh
124,Boef,0Jsk5iYMr5aNjHury7blm1
125,Sevn Alias,0HDMwoCS316xhKCZlJPBnc
126,Mula B,6zEaCvF0CqEHs7kFyBkLHi
127,Sabrina Carpenter,74KM79TiuVKeVCqs8QtB0B
128,Bring Me The Horizon,1Ffb6ejR6Fe5IamqA5oRUF
129,Kevin Gates,1gPhS1zisyXr5dHTYZyiMe
130,Fuse ODG,374sWpAJsbZckf98df2jJJ
131,Nicki Minaj,0hCNtLu0JehylgoiP8L4Gh
132,Nash,17aoRCzkZM3IFEbFqVCuX5
133,Nimo,3ZuBEj9ppJe8GSdKaMTfMN
134,Yaro,09E5z6upwkmwTKX8LGQgMo
135,Hilltop Hoods,7dlqUnjoF2U2DkNDMhcgG4
136,Jonna Fraser,5adKMaYrGOMyOfnbiLPuHg
137,KALIM,2NJWI8byqTSqDaJRnqJY2z
138,Coldplay,4gzpq5DPGxSnKTe4SA8HAU
139,Lil Wayne,55Aa2cqylxrFIXC767Z865
140,Dreamville,1iNqsUDUraNWrj00bqssQG
141,Damso,2UwqpfQtNuhBwviIC0f2ie
142,SCH,2kXKa3aAFngGz2P4GjG5w2
143,Lana Del Rey,00FQb4jTyendYWaN8pK0wa
144,Lil Tjay,6jGMq4yGs7aQzuGsMgVgZR
145,Scridge,6fYEeLBc96CguiLq9FPBQU
146,iann dior,6ASri4ePR7RlsvIQgWPJpS
147,Harry Styles,6KImCVD70vtIoJWnq6nGn3
148,DJ Khaled,0QHgL1lAIqAw0HtD7YldmP
149,Carly Rae Jepsen,6sFIWsNpZYqfjUpaCgueju
150,TOOL,2yEwvVSSSUkcLeSTNyHKh8
151,Leto,6HCBnyTBSLdb3TFn2ayulY
152,Shawn Mendes,7n2wHs1TKAczGzO7Dd2rGr
153,Tom Walker,7z2avKuuiMAT4XZJFv8Rvh
154,13 Block,7rTPCNINGzMp3Hc8Xqht5Z
155,Bhad Bhabie,7DuTB6wdzqFJGFLSH17k8e
156,DVBBS,5X4LWwbUFNzPkEas04uU82
157,Juice WRLD,4MCBfE4596Uoi2O4DtmEMz
158,ADF Samski,5qeFPM2PZUCzcpkY4e4RC8
159,The xx,3iOvXCl6edW5Um0fXEBRXy
160,Moha La Squale,4vtz0m60CCrcsQmqDunDIR
161,Dustin Lynch,1dID9zgn0OV0Y8ud7Mh2tS
162,SFB,50mdotNCJ2PcoZiAgsh8dY
163,Lijpe,6INEFmHKLhMIJAQzHUBAMd
164,Hearts & Colors,3wjsrpfO6odEphTZWx45RQ
165,Ninho,6Te49r3A6f5BiIgBRxH7FH
166,Martin Garrix,60d24wfXkVzDSfLS6hyCjZ
167,Tess,5r8cx09Wdz9YeIbDhzfnna
168,SIRUP,1HzcHe0WFm4koBalCEOkVh
169,Sido,4Yttlv9ndGjCDCVLqM7ACq
170,Frenna,6m1LYS5NQonxjOcQFPQOb5
171,French Montana,6vXTefBL93Dj5IqAWq6OTv
172,Aliyah,7E7VmEW6CxpkGNipjVQywD
173,Lotto Ash,1q4putin60VdRXfDSTl5f3
174,XATAR,6XFQvBHGEr3mRfOHcqPXv8
175,Khalid,6LuN9FCkKOj5PcnpouEgny
176,RÜFÜS DU SOL,5Pb27ujIyYb33zBqVysBkj
177,Lynda,2GlEiSHYEKlq9cUYDa9oZb
178,Bugzy Malone,4Dokdwa3WB7ilQ2c2qvIBL
179,Duke Dumont,61lyPtntblHJvA7FMMhi7E
180,Bebe Rexha,64M6ah0SkkRsnPGtGiRAbb
181,Kool Savas,1SUu1Bi7ev9HbOzyVC77qD
182,Jul,3IW7ScrzXmPvZhB27hmfgy
183,Piso 21,4bw2Am3p9ji3mYsXNXtQcd
184,Jesper Jenset,4Q6zYbQ2MrKiEWTGB3yrPv
185,Louisa,5IHqlcCbQkyhWl0KmIwgeq
186,MERO,5wyWp867LWGjFmYZXVSFnZ
187,Gazo,5gqmbbfjcikQBzPB5Hv13I
188,Chivv,2hBfmHHnM4dS4pJgEJENCg
189,Masaharu Fukuyama,5FGlhIQqewJRV8fx24toG0
190,Bing Crosby,6ZjFtWeHP9XN7FeKSUe80S
191,Nissy,4L9VSeE7K3BTBndqEL9A6q
192,Lil Lano,6NG0bF3tpQuQOixbzFPLIv
193,Kontra K,4lDiJcOJ2GLCK6p9q5BgfK
194,KSI,1nzgtKYFckznkcVMR3Gg4z
195,S1mba,71jSVPQ6yskfyvWeiwvT5s
196,Kollegah,6gto7HVNhu4ARE3P3g8Y5Y
197,Shane Codd,2s7Oijd4mFGgEkhYJtf3sJ
198,Eminem,7dGJo4pcD2V6oG8kP0tJRR
199,The Chainsmokers,69GGBxA162lTqCwzJG5jLp
200,GENERATIONS from EXILE TRIBE,4HfuyMMy295oBvbIuXr0v8
201,Drake,3TVXtAsR1Inumwj472S9r4
202,Bonez MC,1aS5tqEs9ci5P9KD9tZWa6
203,Kore,78Die3Gb8yaElTmGCa7m7N
204,M Huncho,491U1PrV1EoQuhM0aUCn9r
205,PLK,3DCWeG2J1fZeu0Oe6i5Q6m
206,Fler,75ctWsRuGXmxMxnFPkuEwA
207,DaBaby,4r63FhuTkUYltbVAg5TQnk
208,Queen,1dfeR4HaWDbWqFHLkxsg1d
209,BHZ,3mmI5HKArDwgggj4j0aJyC
210,Chris Brown,7bXgB6jMjp9ATFy66eO08Z
211,Maite Perroni,6ModsWtBph2rE6zCTVxvZt
212,Gentleman,5tlNJfV9UIpgnbWmvUEFu7
213,Loud Luxury,6t1gpxYbY8OlLA7D2RiikQ
214,Keizer,2CiOpBO55td0YHJVZYT2KW
215,Charli XCX,25uiPmTg16RbhZWAqwLBy5
216,Post Malone,246dkjvS1zLTtiykXe5h60
217,NAV,7rkW85dBwwrJtlHRDkJDAC
218,Gzuz,5eioJDe26lOqkAMbuhzZYs
219,AAA,1AyWsgtaIgXbzjJlTx2ZDp
220,Anitta,7FNnA9vBm6EKceENgCGRMb
221,Fumiya Fujii,5uDMiTt5fxXmUyPS5HPwvS
222,Calboy,0HkcYmcjrBR3SCw9Ld5VZk
223,Luciano,3CJKkU0XuElRT1z8rEtIYg
224,Jonas Brothers,7gOdHgIoIKoe4i9Tta6qdD
225,Logic,4xRYI6VqpkE3UwrDrAZL8L
226,Equalz,57RYqNhEvaNiafuP1X73GS
227,LX,10XY9PZCJKzUFzZOdtlQLU
228,Mabel,1MIVXf74SZHmTIp4V4paH4
229,Kendrick Lamar,2YZyLoL8N0Wb9xBt1NhZWg
230,Madame Monsieur,1tQn5gWbo3ee6n2Z52ogY5
231,Kalash Criminel,6ytOHdKh4xt4YvF7tz8Zcv
232,Booba,58wXmynHaAWI5hwlPZP3qL
233,Kurdo,1yIifIA91WgmfzBcjbQB8i
234,Nines,0tPKcpC8yXpfdWXFcN7Vwr
235,Angèle,3QVolfxko2UyCOtexhVTli
236,King Gnu,6wxfx1yhyqjCPYwwxJktR2
237,21 Savage,1URnnhqYAYcrqrcwql10ft
238,The 1975,3mIj9lX2MWuHmhNCA7LSCW
239,Kraantje Pappie,5yDkaiPTFbHGWCMXAEBt5Q
240,YOASOBI,64tJ2EAv1R6UaZqc4iOCyj
241,Laylow,0LnhY2fzptb0QEs5Q5gM7S
242,Chris Stapleton,4YLtscXsxbVgi031ovDDdh
243,millennium parade,0GZ65zwBwkkwGNJ3zagtTZ
244,JURI,6SGVQ8bD0Hab6BItkqWVuJ
245,Summer Cem,3drqpTL4sQOckmAfF9i1wg
246,Charlotte Cardin,1G0YV9WooUBjrwDq0Q7EFK
247,Young Ellens,0SuC1Z51R9kleDO1pj3Gub
248,Anuel AA,2R21vXR83lH98kGeO99Y66
249,Megan Thee Stallion,181bsRPaVXVlUKXrxwZfHK
250,SZA,7tYKF4w9nC0nq9CsPZTHyP
251,Mert,0wwDZj4zgZORjTGhTujAKx
252,Djaga Djaga,4mg1S6eUvRL9IZKzEShYB8
253,Ruel,5xkAtLTf309LAGZTbvULBn
254,Camila Cabello,4nDoRrQiYLoBzwC5BhVJzF
255,Selena Gomez,0C8ZW7ezQVs4URX5aX7Kqx
256,Virginia To Vegas,3v9wPA58IVrX2dg6AjSPgi
257,Scarface,0AKfGRIDWDiLB8EHORfP8J
258,Loud,5DXzQwj6Kgr5kBjVlYdSHo
259,NF,6fOMl44jA4Sp5b9PpYCkzz
260,Oasis,2DaxqgrOhkeH0fpeiQq2f4
261,Fleetwood Mac,08GQAI4eElDnROBrJRGE0X
262,Freeze corleone,76Pl0epAMXVXJspaSuz8im
263,Nielson,5m5Fh8zrb0uHM85qwkIkVT
264,Roddy Ricch,757aE44tKEUQEqRuT6GnEB
265,Marteria,3nDNDLcZuSto4k9u4AbcLB
266,Aylo,5ggr9FUq9cjogKBxQmI2ZO
267,Sugar MMFK,5TfpwNDNvEPPjWk65OrtmV
268,Lizzo,56oDRnqbIiwx4mymNEv7dS
269,Carpenters,1eEfMU2AhEo7XnKgL7c304
270,Aitch,2PJEagPIxaBugeMjIyKVXF
271,Mark Forster,7qXzy6c5RWT0XlVQcOBIDG
272,Maejor,3XcCT5MPlQPWFTJyzXbfuX
273,Arcade Fire,3kjuyTCjPG1WMFCiyc5IuB
274,Swae Lee,1zNqQNIdeOUZHb8zbZRFMX
275,Mr.Children,1qma7XhwZotCAucL7NHVLY
276,D-Block Europe,5VadK1havLhK1OpKYsXv9y
277,ChildsPlay,6rNu1h2bZtfgDuZC5FWGel
278,PARTYNEXTDOOR,2HPaUgqeutzr3jx5a9WyDV
279,Juju,4sg4no0TXdsrM1s4SVUwNF
280,Trois Cafés Gourmands,4wngxtsP87ozrQh05D90dO
281,Naps,6W5uA6CNMf3hd2j4a2XWCx
282,Dadju,4sbXXFzEWJY2zsZjelerjX
283,PRETTYMUCH,5Y8eJDj37KhaEeqbVO7Ag1
284,Alligatoah,0r0R5nIjDY04TfxRM10Bcb
285,MadeinTYO,5SyGEPymt1G2uto47tVWvZ
286,Rim'K,2eh8cEKZk4VeruUrGq748D
287,Bolémvn,0gGcw3tA1fZoF23qa8KFb7
288,Michael Schulte,21aa4pj9BvbFB2iT8kRpnq
289,Y2K,6USMTwO0MNDnKte5a5h0xx
290,Lil Mosey,5zctI4wO9XSKS8XwcnqEHk
291,CHANMINA,2vjeuQwzSP5ErC1S41gONX
292,Kensington,5hHcAWKNV84BEbkRnbQ6A7
293,Hemso,0t6A5IoqSxQzxmMoDkS9Cv
294,Rake,3vQ2DVwzWWorNTS3kObltH
295,Digga D,57n1OF36WvtOeATY6WQ6iw
296,Jess Glynne,4ScCswdRlyA23odg9thgIO
297,Niro,1wAtSe79kItIb9nf5EhI2Q
298,Koushino,6TR6dUNDpqyitYzDvY7DI0
299,Giveon,4fxd5Ee7UefO4CUXgwJ7IP
300,NEIKED,5H6xmHXjsq98NLbEjuE29f
301,Sage The Gemini,6d47Z08T4snK50HgTEHo5Z
302,Calvin Harris,7CajNmpbOovFoOoasH2HaY
303,Nogizaka46,08lN7bm4Etec8ETFxaTUmq
304,Rauw Alejandro,1mcTU81TzQhprhouKaTkpq
305,Marshmello,64KEffDW9EtZ1y2vBYgq8T
306,Birds Of Tokyo,25ou7Y6W7L1fcMoCZMbf86
307,Old Dominion,6y8XlgIV8BLlIg1tT1R10i
308,Playboi Carti,699OTQXzgjhIYAHMy9RyPD
309,Animus,4Mt1ci7cKg2DpDS5kJ5mHS
310,Noord-Hollands Kinderkoor,7yOobv5U0tQXYJaow5MN9P
311,Orelsan,4FpJcNgOvIpSBeJgRg3OfN
312,Hikaru Utada,7lbSsjYACZHn1MSDXPxNF2
313,Dan + Shay,7z5WFjZAIYejWy0NI5lv4T
314,Rag'n'Bone Man,4f9iBmdUOhQWeP7dcAn1pf
315,Dardan,3pjq2pDV9RR6VY55wBjVnp
316,AJ Tracey,4Xi6LSfFqv26XgP9NKN26U
317,Capo Plaza,5SulO4l40qDuV9zUGLZx7n
318,Jona Lewie,3nohf4qILMr5aUSOsolwxB
319,Noah,4lR4w01uPOblBqpIAzuCzL
320,Ir Sais,4NEThNYJ3WyNcJWcmpjq88
321,Justin Bieber,1uNFoZAHBGtllmzznpCI3s
322,Vald,3CnCGFxXbOA8bAK54jR8js
323,Zedd,2qxJFvFYMEDqd7ui6kSAcq
324,GIMS,0GOx72r5AAEKRGQFn3xqXK
325,Scooter,0HlxL5hisLf59ETEPM3cUA
326,Fifth Harmony,1l8Fu6IkuTP0U5QetQJ5Xt
327,MoTrip,69u5rPwWBKP7pJHpCGB9O5
328,Brenda Lee,4cPHsZM98sKzmV26wlwD2W
329,Lauv,5JZ7CnR6gTvEMKX4g70Amv
330,Hardy Caprio,7FqkRutc4zWMrnEAUv3Xwd
331,Josman,6dbdXbyAWk2qx8Qttw0knR
332,Stunna 4 Vegas,44IvvHRk2XF243QLA2VOa8
333,Zuna,2otUckChxWf2cp6UP2cD6e
334,Bad Bunny,4q3ewBCX7sLwd24euuV69X
335,Camélia Jordana,2XkCa3HcntokIgOP5N3QO7
336,Koba LaD,1q7T9rFQ2a2ukA1PU51fo3
337,The Weeknd,1Xyo4u8uXC1ZmMpatF05PJ
338,TINI,7vXDAI8JwjW531ouMGbfcp
339,Loredana,2Im8m4STDBosjfmb5hmP80
340,Sofiane,6qFt3TjvxMt77YGsktWG8Z
341,Justin Timberlake,31TPClRtHm23RisEBtV3X7
342,Landy,2EFpb61Lpi0l5ldOiqbZkK
343,Fmg,2cZwVNd4sK0CCJ6BqY7U9H
344,Ed Sheeran,6eUKZXaKkcviH0Ku9w2n3V
345,Dinos,1QPdp5duV6lV4XINCzjwQ2
346,Gaullin,1aQwKFn00nswXRDUDipm0K
347,Casper,6UDhlW8uEVBBrqHS3RrKuv
348,Louane,7wjeXCtRND2ZdKfMJFu6JC
349,Not3s,40NRiKuuhj1pgGYppptlBO
350,Snelle,3E31HqA00iCX9nRhesw6LD
351,Sinan-G,5hNRMsMMDlMIvEwu4UvjQO
352,Zara Larsson,1Xylc3o4UrD53lo9CvFvVg
353,Niack,5uYe4bcAXlMP7d4mrOYkML
354,Sero El Mero,5D9gbPVm2Y7DcPbqG0ueS9
355,Kasabian,11wRdbnoYqRddKBrpHt4Ue
356,Sadek,63MCBZRiUdnqRsAOJwijiB
357,Lil Skies,7d3WFRME3vBY2cgoP38RDo
358,Jan-Marten Block,5fISRashl2LHMXjwqNqedz
359,Giggs,3S0tlB4fE7ChxI2pWz8Xip
360,Sa4,5qZLYtTL3ldN6Uw7OXHESR
361,Marwa Loud,46wEUZyujVrFSrdCnTKQmV
362,A$AP Ferg,5dHt1vcEm9qb8fCyLcB3HL
363,Ashnikko,3PyJHH2wyfQK3WZrk9rpmP
364,grandson,4ZgQDCtRqZlhLswVS6MHN4
365,KA,7DpYMZzVNrjqw1geHziUEd
366,Amir,6rl53MP8HSoiugpqzA50Zh
367,Carnage,7CCjtD0hCK005Bvg2WG1a7
368,浜田雅功と槇原敬之,4HpuqKQHqARnApVbuTfUXH
369,Capo,5y9wg9qkGBl0n9v9RzaPKu
370,Jamule,4sVieJlKgpZ2k9ESNS5IdN
371,Lil Uzi Vert,4O15NlyKLIASxsJ0PrXPfz
372,"Baddiel, Skinner & Lightning Seeds",3LtYMPncqtiugGwOuuLq3h
373,Carly Pearce,4sIl4BTo9l9KqEi0Y3RE72
374,Metro Boomin,0iEtIxbK0KxaSlF7G42ZOp
375,Imen Es,7CW7QdOgRStOg7JktRuZ3E
376,Helene Fischer,7MzHPIXAqIOCnvK0sVY72W
377,Yung Kafa & Kücük Efendi,5mPOOZTRDsRf0iIXixzfgn
378,Ella Mai,7HkdQ0gt53LP4zmHsL0nap
379,SSIO,3IrUyDPQlQFcB5lMWhPml2
380,LouiVos,0lzYw5xI9jgMg8O5i4bTre
381,Perfume,2XMxWKPKCxoLkSdpCViCnr
382,Beyoncé,6vWDO969PvNqNYHIOW5v0m
383,Miley Cyrus,5YGY8feqx7naU7z4HrwZM6
384,Alkpote,0QcZD8V0Ug1KINWBSyG0dB
385,Bruno Mars,0du5cEVh5yTK9QJze8zA0C
386,Florida Georgia Line,3b8QkneNDz4JHKKKlLgYZg
387,Soolking,0GgY7hjMoGDsX8ZDe2mwds
388,VIZE,09agIJMxCD2k87ys9Al0f0
389,Bramsito,1WDkNp8Duv9QhO246S4dDa
390,Hornet La Frappe,1kwzW1IszUiq4Gs9BFesvW
391,Kiiara,4u5smJBskI6Adzv08PuiUP
392,ONE OK ROCK,7k73EtZwoPs516ZxE72KsO
393,JoeyAK,4iCzh7b2cLbHVsPOwhr8W0
394,Vegedream,4eYnorQRhVHT2KBl2UyHHd
395,Nas,20qISvAhX20dpIbOOzGK3q
396,SpongeBOZZ,4lAjitjrUJgjJgEVj2CwFc
397,Kodak Black,46SHBwWsqBkxI7EeeBEQG7
398,badmómzjay,7oWrEQO1d3klp0Qrfh7a5h
399,E-girls,6CKN3GUiWMrESH1RKn3ecz
400,Dean Lewis,3QSQFmccmX81fWCUSPTS7y
401,NiziU,3z8diLlUCkN1j9N9ZdnfBJ
402,Rita Ora,5CCwRZC6euC8Odo6y9X8jr
403,Wejdene,1SxuyHZnLUFyFHGzdGaxZk
404,Souf,2tsnxjntsRI6iFL9ZeC0ec
405,Armoo,6U5q52OFnYBPAB4NQZDhCR
406,Suzan & Freek,77IW5ZK1smDQYYKDCQugXh
407,Mac Tyer,1PTl9q5EaEZejVGts7MBLN
408,RAF Camora,0Dvx6p8JDyzeOPGmaCIH1L
409,Flo Rida,0jnsk9HBra6NMjO2oANoPY
410,Caballero & JeanJass,1mMUzAMrNqoTHgtxA0dZi6
411,Momi,2Vd0bXoPtbTy5T1T2aa5hY
412,6LACK,4IVAbR2w4JJNJDDRFP3E83
413,Superfly,5M8AXrOifBT8elkLKbGPQZ
414,13 Organisé,19u3RGWKsjmbg9eI6zAiNp
415,Tyga,5LHRHt1k9lMyONurDHEdrp
416,Kevin,0IxgA9wO4Op3CSnPlhfwV1
417,King Princess,6beUvFUlKliUYJdLOXNj9C
418,Imagine Dragons,53XhwfbYqKCa1cC15pYq2q
419,Apache 207,1qQLhymHXFPtP5U8KNKsm6
420,HIRAIDAI,7JthQ6zwNzfxRfIEjp6wUs
421,NGEE,3Hvx3BM0K4FHBs9J3k8G6V
422,Astrid S,3AVfmawzu83sp94QW7CEGm
423,KYLE,4qBgvVog0wzW75IQ48mU7v
424,Toby Romeo,2XnY6NZ6rENbLMYabjkRey
425,IZ*ONE,5r1tUTxVSgvBHnoDuDODPH
426,Macklemore,3JhNCzhSMTxs9WLGJJxWOY
427,Lujipeka,1eTRyiHsWMoWKPD6s4Kiqt
428,TWICE,7n2Ycct7Beij7Dj7meI4X0
429,Alpha Wann,7yeFMUrYTY5cAZx0GKXnti
430,RADWIMPS,1EowJ1WwkMzkCkRomFhui7
431,J Hus,2a0uxJgbvvIRI4GX8pYfcr
432,KILLY,0gCGZZ1Ibo5QsOnll977PD
433,Boomdabash,4mAsWDGLUIEdo6imU77WG6
434,Kinderen voor Kinderen,7evlWm7RyagYqxSQN5E6UN
435,Anne-Marie,1zNqDE7qDGCsyzJwohVaoX
436,The Kid LAROI,2tIP7SsRs7vjIcLrU85W8J
437,Yung Felix,6J2bFI9tQDWfPHjoKHKrOu
438,Ronnie Flex,5eir5zFJpES4j7gsymbVyl
439,Vidwaan Boon,2xkB95KvNeniu5RTI7QopU
440,Bizzey,5GIcOzVFTNnzArytjmTkW8
441,Rap Nation,6KXLwLV4VV36g0ueE6p7t5
442,Krept & Konan,31lnFZEM6ysvjOx59VyxRE
443,Eva,5nH2klYTzn8CNvUv1GOGQO
444,Daft Punk,4tZwfgrHOc3mvqYlEYSvVi
445,Sigala,1IueXOQyABrMOprrzwQJWN
446,Lil Peep,2kCcBybjl3SAtIcwdWpUe3
447,K.I.Z,0bMt8SJlp0gFRUufzifS05
448,Niall Horan,1Hsdzj7Dlq2I7tHP7501T4
449,The Carters,4fpTMHe34LC5t3h5ztK8qu
450,JAZN,3PP4drc6wQuyKstnJfXpu1
451,Sub Focus,0QaSiI5TLA4N7mcsdxShDO
452,Dynoro,3v6Ji4uoWtKRkhuDUaxi9n
453,Azet,39KEQQAG9JhIt71g9NEVhh
454,Heuss L'enfoiré,3YwqjMyrRfuixi2pbgTGCE
455,K-Trap,39XT9gMoNmMCOlvTTR273m
456,Sero,33qje3nPM5TBq2aBFny5IT
457,miwa,3R3WEsfL1WC1zLiz3XG9K5
458,Dexys Midnight Runners,4QTVePrFu1xuGM9K0kNXkk
459,MC G15,3Nipsl6GVwwGyeAk0J29C6
460,Romeo Santos,5lwmRuXgjX8xIwlnauTZIP
461,Travis Scott,0Y5tJX1MQlPlqiwlOH1tJY
462,MocroManiac,1n34ZpZX4OCwbuyo9mnfU8
463,Dj Quick,4tjoob53d4b26AjGJ49kuF
464,Skepta,2p1fiYHYiXz9qi0JJyxBzN
465,SOIL & “PIMP” SESSIONS,5COMNbVWoe1Kb5UTFAaUwF
466,Sam Feldt,20gsENnposVs2I4rQ5kvrf
467,J Balvin,1vyhD5VmyZ7KMfW5gqLgo5
468,Rilès,6pdcQa7by8IKuoVXvgknlI
469,LA$$A,36WPIJMvnC1lSvjwMHrGAR
470,6ix9ine,7gZfnEnfiaHzxARJ2LeXrf
471,ONEFOUR,6kQfGeicc9EiQMzAYX0f9U
472,Maty Noyes,5JSXWmQO8csVUy6hSRu8TA
473,Jain,2HHmvvSQ44ePDH7IKVzgK0
474,Lil Nas X,7jVv8c5Fj3E9VhNjxT4snq
475,SDM,0LKAV3zJ8a8AIGnyc5OvfB
476,Christopher Martin,3dXC1YPbnQPsfHPVkm1ipj
477,Tiësto,2o5jDhtHVPhrJdv3cEQ99Z
478,S.Pri Noir,5olcgTzelGdyP1rHRLyWgs
479,Billie Eilish,6qqNVTkY8uBg9cP3Jd7DAH
480,Asche,4422XPmmt7lJGKjYbYSI6B
481,Fally Ipupa,6IflU2YrY5Cyw7YoBICosV
482,KASIMIR1441,7ADRm1oT7VmhRRZrZqycV6
483,Bilal Wahib,5wV3FoaNbDB6X9INuQvs1K
484,Henkie T,3n51Vz9Zb9aFmoXmXZ50El
485,J. Cole,6l3HvQ5sa6mXTsMTB19rO5
486,Tur-G,3ront3zvcdInux0rUVQLF2
487,JP Cooper,4kYGAK2zu9EAomwj3hXkXy
488,Big Sean,0c173mlxpT3dSFRgMO8XPh
489,Amy Shark,2DORQjKJVYZMx9uu82UGtT
490,Lijpe & Ismo,5qeSCSYs40ft9m5FCOXZL0
491,Nass,2vmQP2rkDh9bcyzhP1YVKU
492,Migos,6oMuImdp5ZcFhWP0ESe6mG
493,Grouplove,3kVUvbeRdcrqQ3oHk5hPdx
494,G-Eazy,02kJSzxNuaWGqwubyUba0Z
495,Kinderliedjes,5NIQNYb3j3WtX4ZKnLNajy
496,SEKAI NO OWARI,7HwzlRPa9Ad0I8rK0FPzzK
497,ITZY,2KC9Qb60EaY0kW4eH68vr3
498,The Pussycat Dolls,6wPhSqRtPu1UhRCDX5yaDJ
499,HY,3x621ItlHMtX7mrJ8QnEjM
500,Guus Meeuwis,72qVrKXRp9GeFQOesj0Pmv
501,Endor,6F3vLfyutkUhpM50G84eMt
502,ABBA,0LcJLqbBmaGUft1e9Mm8HV
503,Tabitha,7iBY1RLWDV5zX9NDNQxurm
504,Julia Michaels,0ZED1XzwlLHW4ZaG4lOT6m
505,Young Stoner Life,1xr2G8Hlx4QWmT9HaUbmoO
506,Maroon 5,04gDigrS5kc9YWfZHwBETP
507,Maluma,1r4hJ1h58CWwUQe3MxPuau
508,Johnny Hallyday,2HALYSe657tNJ1iKVXP2xA
509,Agust D,5RmQ8k4l3HZ8JoPb4mNsML
510,Pashanim,34LetYSjEuG2fBb4Z8PwPg
511,Celo & Abdi,48Fq6GV3S6on56TxSBu5NO
512,George Michael,19ra5tSw0tWufvUp8GotLo
513,Die Schwarzwälder Kirschtorten,7fMcxMZbWWyqy7scdeT5tx
514,WANIMA,6YqdtpUutxodni6lUD4stM
515,Fero47,4A7HeXSd4HtQuf6IR5XZ1b
516,Ken Hirai,6jIhEiXcCAyBsuEI7qZ9vc
517,Alrima,2XyVj5qsjy87RPXk1O5if3
518,Avicii,1vCWHaC5f2uS3yhpwWbIA6
519,Samo104,6Cw4b0HJcYPaG1ik1tpdZa
520,Regi,77ehFS1P2bU6Bfcs1qu6Jd
521,GENT,0UTkv1GEUZSPIVZwMFGtf3
522,Diplo,5fMUXHkw8R8eOP2RNVYEZX
523,Spanker,6wMnkPepu5AcV3w9rtIw09
524,Roar,7dIpKWlEeAljA20vFJ82RD
525,Tobee,5HvFk00KrkDIPJuzSLFd0r
526,Soprano,2RJBv9wXbW6m539q9NOfW1
527,Ty Dolla $ign,7c0XG5cIJTrrAgEC3ULPiq
528,DTF,37ioGUZGhKk7VjWIocx8kM
529,Lil Pump,3wyVrVrFCkukjdVIdirGVY
530,Koomz,4I53vdZJP1OzinYf615C62
531,Philly Moré,3GL6hDzc8ltMMIl6gOTWIT
532,Rich The Kid,1pPmIToKXyGdsCF6LmqLmI
533,Yuzu,7lNFzeAXmSIKexINNgO6bu
534,優里,0ixzjrK1wkN2zWBXt3VW3W
535,Idina Menzel,73Np75Wv2tju61Eo9Zw4IR
536,Sunny Day Service,4cSyPcpldERtF4eL3NB9dn
537,David Guetta,1Cs0zKBU1kc0i8ypK3B9ai
538,Gary Washington,2okNRxoA7uWwwM0QJpyUxe
539,Swarmz,2yPprAQlrIQWu60g09B9MZ
540,Hozier,2FXC3k01G6Gw61bmprjgqS
541,Tame Impala,5INjqkS1o8h1imAzPqGZBb
542,Marco Borsato,3D2GUXbtlL3r2d5HJEnsFD
543,L'Algérino,7kyIBL1EYouLqC8vw7IOui
544,Bigflo & Oli,5mmEMfYChd6MImBagU7zCs
545,DJ Snake,540vIaP2JwjQb9dm3aArA4
546,Kris Kross Amsterdam,4LcUpNlXFEleaLlelmkv2R
547,Ozuna,1i8SpTcr7yvPOmcqrbnVXY
548,All Time Low,46gyXjRIvN1NL1eCB8GBxo
549,AK AUSSERKONTROLLE,07SFzTMeYf5P8Rd32a9Zzw
550,Liam Payne,5pUo3fmmHT8bhCyHE52hA6
551,Maan,5vmwWgrlwCfHm1P0vdDFbU
552,Quavo,0VRj0yCOv2FXJNP47XQnx5
553,Mrs. GREEN APPLE,4QvgGvpgzgyUOo8Yp8LDm9
554,Carlos Vives,4vhNDa5ycK0ST968ek7kRr
555,Kynda Gray,3LPEGy5eAGPgKYJVrkRuSX
556,Alan Walker,7vk5e3vY1uw9plTHJAMwjN
557,Gen Hoshino,1S2S00lgLYLGHWA44qGEUs
558,Dune Rats,0KtaCKmTMIQZsxlOgyNa04
559,Naza,7xNYY1Zkb1vks5m9ATlJok
560,Jeremy Zucker,3gIRvgZssIb9aiirIg0nI3
561,Scouting For Girls,2wpJOPmf1TIOzrB9mzHifd
562,KitschKrieg,5tHiL8SKSaZGMBUPIiSmX4
563,Broertje,0906u9DO6IhSeFljQ7AXHZ
564,Dhurata Dora,6t7U7sYlVCtlMWzbecJcHd
565,Galantis,4sTQVOfp9vEMCemLw50sbu
566,UVERworld,6m14xgA0m3w92UM7ujJgky
567,Bosh,6Mm2g25BTeJ6BICPFWGkPg
568,Monet192,60uPSVM3svOL8kZ3Wkb3Zw
569,Kidda,4OtcoXGM3abQUnErfCczaj
570,Gerry Cinnamon,7cpCnhhBIU1gA7EhTFApN1
571,El Profesor,2gTcdmBwgyh3EORKIXCzlw
572,ValsBezig,4tGJvDWhLFxzKRi94gc4a4
573,Loyle Carner,4oDjh8wNW5vDHyFRrDYC4k
574,YoungBoy Never Broke Again,7wlFDEWiM5OoIAt8RSli8b
575,Mikael,5PLCJ2Wlc2BV0d4gCYdRTc
576,G Flip,4SdIXLzfabqU61iK7SnKAU
577,Jack,7CIYYEGtuTl0sjwEY8ihGh
578,Keyakizaka46,03E7w8NrBr4lNCK33TQyil
579,Pierrii,2Muef9e20frSc14ocV9TQU
580,Suchmos,0O0hxUrO2PKxZknken3R24
581,Bon Jovi,58lV9VcRSjABbAbfWS6skp
582,Lomepal,1Yfe3ONJlioHys7jwHdfVm
583,Tee Grizzley,6AUl0ykLLpvTktob97x9hO
584,Darryl,5DfAmTDpY9atls7sejWX5x
585,Luke Combs,718COspgdWOnwOFpJHRZHS
586,Darkoo,4QSTyDpxsKmv3UfavVUImR
587,Flight Facilities,1lc8mnyGrCLtPhCoWjRxjM
588,Madison Beer,2kRfqPViCqYdSGhYSM9R0Q
589,Jake Owen,1n2pb9Tsfe4SwAjmUac6YT
590,Djadja & Dinaz,5hREZP0zTQbTLkZ2M8RS4v
591,Hatik,05hirnMeVIzCrcUxbrysZU
592,Major Lazer,738wLrAtLtCtFOLvQBXOXp
593,Milky Chance,1hzfo8twXdOegF3xireCYs
594,Gavin James,25tMQOrIU4LlUo6Sv8v5SE
595,Lil Yachty,6icQOAFXDZKsumw3YXyusw
596,Namika,0HSc7yUdNSosxRb2UJnXlz
597,A Boogie Wit da Hoodie,31W5EY0aAly4Qieq6OFu6I
598,Prince Royce,3MHaV05u0io8fQbZ2XPtlC
599,Krezip,0ZLfGbfO9xjpfna1pN8BeX
600,Bryson Tiller,2EMAnMvWE2eb56ToJVfCWs
601,Hooss,3p4FNslxuuEYSEnMsx4YI1
602,Esko,0rQ69yrbz7CeUmXUn1beIj
603,DMX,1HwM5zlC5qNWhJtM00yXzG
604,Shindy,5j21TGkrNEAJe3gG9VlS34
605,Jaap Reesema,5WxnXxSCyhDSyi6elhBZd4
606,Don Toliver,4Gso3d4CscCijv0lmajZWs
607,Ryan Gosling,6kXm2YCtdUOpRYNKeKhfue
608,Gringe,4oVERQ0AxzzQ4zip1nMKlt
609,Hypnosis Mic -D.R.B.- (MAD TRIGGER CREW),712hLiKHkzJvum5zikt85g
610,Riffi,7rWuImrIbAa8XxwWVFWNoZ
611,Octavian,5zfEatKLDdRkgbw6sdLBAQ
612,Vic9,7FGPqGAnNztJ6mQniyFLt9
613,Nafe Smallz,3dKjmeRZcSUw617CoMzEA0
614,Roméo Elvis,2pHk4wAmL7ofTAuvCIUWtv
615,Ricky Montgomery,0ZUvK7zGdXLd78mQr3t1Tw
616,Smokepurpp,21dooacK2WGBB5amYvKyfM
617,Shablo,6hkKbkZGvAXuvle2FhCnxy
618,Schwesta Ewa,7jDSMakHqXFe8kIaXfz8jD
619,Paramocro,2POj5DK9ZiqcLkeTeTjH7b
620,Lime Cordiale,6yrtCy4XJHXM6tczo4RlTs
621,Thelma Plum,0C6qzW0Am8OVyHSoT57fnC
622,Foo Fighters,7jy3rLJdDQY21OgRLCZ9sD
623,KM,0MSYpagcvnSP2o91Ji2OCw
624,Die Ärzte,0cbL6CYnRqpAxf1evwUVQD
625,Milonair,6AZfDB8isLU2sHkSm3sRhX
626,Maes,6L34dW6SKMSDaGIfYDU19j
627,Hardwell,6BrvowZBreEkXzJQMpL174
628,Maxwell,0b62itBWBdLgiecXjXCqKC
629,Snipe,0cmSPg2VT43juuvNRLs535
630,Official HIGE DANdism,5Vo1hnCRmCM6M4thZCInCj
631,Aimyon,5kVZa4lFUmAQlBogl1fkd6
632,Famke Louise,4Dm1MX4VPbtLssAQeBhHFo
633,Winne,5cMMheSnLhCt0YdwFkp3R9
634,Dragon,622HMYOaiqowUmcd5t3b7t
635,Soso Maness,0oeiA5U9u1U45Gos5cywUU
636,The 7 Dimensions,0ndx5h8ixiRvi2YmWlfbxH
637,Zola,54kCbQZaZWHnwwj9VP2hn4
638,Minitrapper,0N9SvWNJmb5id2UmjWu1X0
639,Halsey,26VFTg2z8YR0cCuwLzESi2
640,Jonas Blue,1HBjj22wzbscIZ9sEb5dyf
641,Irama,5iot8OPcosJN9nCl7I5SdK
642,Tash Sultana,6zVFRTB0Y1whWyH7ZNmywf
643,ARASHI,1XYuC1vxinTjHCNd5clB8C
644,Gryffin,2ZRQcIgzPCVaT9XKhXZIzh
645,Miksu / Macloud,76dRoxKtDwYkgCQePok9cU
646,MHD,4WnAHZz1pgl8hus8hidIRV
647,ELLEGARDEN,3cbd5GWGOknxmFAe77MDbk
648,Kay One,6VjbeCqoayiHYnefrisskv
649,Dermot Kennedy,5KNNVgR6LBIABRIomyCwKJ
650,Machine Gun Kelly,6TIYQ3jFPwQSRmorSezPxX
651,O.G.,5QZJttrSLq4WJL9Vb1MgFq
652,F1rstman,0IA4SdCS8HBDX6oBoOlgaf
653,SPITZ,5kjGRHClVacSyllOUqU1S0
654,Chris de Burgh,2RpHsROrX075xfIwHn6B2U
655,Benab,0qO3t2MHM5NIEJ5fw9VndY
656,Thomas Rhett,6x2LnllRG5uGarZMsD4iO8
657,Sääftig,4q3hVjQ64ODTveUdXsy2Jw
658,reezy,1ul8iLt2WnFe2UIyovjg7q
659,The Ronettes,7CyeXFnOrfC1N6z4naIpgo
660,Bryce Vine,1ShZZUjkbXCjhwrb18BA8I
661,Tayc,7gU9VyFRN3JWPJ5oHOil60
662,Jireel,2EWsHDexsSInArfFkhA2i6
663,NLE Choppa,0ErzCpIMyLcjPiwT4elrtZ
664,RIRI,2UmhByzSum8X2lQZ7pWvWp
665,DAT ADAM,28gHcaI0rBIqOYmDRx5AnP
666,Jeremih,3KV3p5EY4AvKxOlhGHORLg
667,Savas,5C5hEZzr3BmvYcIPfWMnnC
668,Coleman Hell,3q9nybxzbSHsesDBHUlP4c
669,Young T & Bugsey,6M6XXCcO5gI68XpIlrUL3Z
670,SXTN,0tMFcqLXhtm1Gep20iuIR3
671,TK from Ling tosite sigure,3B9O5mYYw89fFXkwKh7jCS
672,Pardison Fontaine,7Gkyjs2OYQpJdOvvmwIz2Z
673,Ricky Rich,1gm1katIowFM22Ldqcw6DK
674,Pop Smoke,0eDvMgVFoNV3TpwtrVCoTj
675,TOKYO’S REVENGE,5TbLOwv8BNnik3f03NZJlt
676,Felix Cartal,6roDXEmZ6AARdOUv6x5U2v
677,Da Beatfreakz,3Q8Ow3li2nXzZhRPHMwR7h
678,Joji,3MZsBdqDrRTJihTHQrO6Dq
679,Data Luv,2gtmbs0Uas9TBSMqkA4zjE
680,Client Liaison,5TjlxSJvfrD5I2PWaEh4jZ
681,BRVMSOO,4IAqcSIINRfPQC57mgYhW2
682,East 17,6lOC7lwSO1ql4Gc2Y3QObY
683,Gucci Mane,13y7CgLHjMVRMDqxdx0Xdo
684,Masaki Suda,6n4SsAp5VjvIBg3s9QCcPX
685,Frsh,19CxlXaWOlZh2pqZrJlHxN
686,Milow,6mo0UbyIvIePdXNyLwQlk5
687,Ayumi Hamasaki,3Mvc8kRgr8LRYYgvFmlZqn
688,Kawe,1TYJOhNSxMOODWiDVhuyZb
689,P!nk,1KCSPY1glIKqW2TotWuXOR
690,Die Toten Hosen,2F8GvYuY0lfZNYu45dY6gJ
691,Trailerpark,1eeWVOCazGzGQXOGhnDHTB
692,Claire Rosinkranz,3V0ZQW0dNuVaFtbVYgSI24
693,Donnie,2ylIKKdMukkuprCgY4ZDFE
694,CHO,0YPIovtLh5msFPFuCcn30R
695,AmPm,5Xcbv83o11Ez2XPHa1n8Pf
696,ROLLÀN,3sQYZrIBmLAuNc7tsLtkka
697,Rich Music LTD,2kqUKsTuEj1lPbm6BSn1AU
698,Nakry,1uS3NoifQsUXbWBOF3xIPg
699,Axwell /\ Ingrosso,2XnBwblw31dfGnspMIwgWz
700,JAY1,0BKx4UjPvXVGY15u0xFbbi
701,Ardian Bujupi,0pOruKWwgyqSLZhn4Xovs9
702,Tion Wayne,7b79bQFziJFedJb75k6hFt
703,Bazzi,4GvEc3ANtPPjt1ZJllr5Zl
704,GReeeeN,14T8NkbwXVZgbOvwnuGV89
705,Ariana Grande,66CXWjxzNUsdJxJ2JdwvnR
706,OBOY,66Ok6bgC570sHkw08N20pZ
707,Doja Cat,5cj0lLjcoR7YOSnhnX0Po5
708,Tibz,2fAaFNSG0aQucjQigOtHZF
709,Jaykae,1sLYZv95ZXwVfyGHan5w45
710,YL,2k8fAJK9HbH1FhqVpZL98P
711,Aled Jones,1GeaYVIXCzBwEbjAvv0NYn
712,Offset,4DdkRBBYG6Yk9Ka8tdJ9BW
713,George Ezra,2ysnwxxNtSgbb9t1m2Ur4j
714,ZUTOMAYO,38WbKH6oKAZskBhqDFA8Uj
715,Demi Lovato,6S2OmqARrzebs0tKUEyXyp
716,Chip,0tJCNteqwm7LmRZ6KWr8GT
717,Wolfine,2OnKRchqP7tT0FzTvWIFI7
718,Creepy Nuts,0pWR7TsFhvSCnbmHDjWgrE
719,Foals,6FQqZYVfTNQ1pCqfkwVFEa
720,Emma Heesters,3898xesz6JuQkpz7Kiu4uM
721,Fynn Kliemann,2YIxQoGvBukvoC1CbJ7opS
722,Camilo,28gNT5KBp7IjEOQoevXf9N
723,Aya Nakamura,7IlRNXHjoOCgEAWN5qYksg
724,Lauwtje,1yWjbmwKNd1q0PI1V1BuQ7
725,Melanie Thornton,2apYMRrg5FxN4go0pfsCvf
726,BLOOM VASE,3jpPlA4ASvE9TlObazOIee
727,Violent Soho,2N2EFVDEbp2JB8ulEUVIxp
728,Bea Miller,1o2NpYGqHiCq7FoiYdyd1x
729,KIAN,1TulCA2zO3YxAjQ7ZsvtDq
730,Rae Sremmurd,7iZtZyCzp3LItcw1wtPI3D
731,Why Don't We,2jnIB6XdLvnJUeNTy5A0J2
732,Elbow,0TJB3EE2efClsYIDQ8V2Jk
733,The Jungle Giants,6wFwvxJkurQPU2UdeD4qVt
734,Majid Jordan,4HzKw8XcD0piJmDrrPRCYk
735,Loski,5VNMclLseLzRnVhvkrqdpn
736,Arctic Monkeys,7Ln80lUS6He07XvHI8qqHH
737,MEROL,7J41Q5hdwuBgyVo7zGhPhO
738,PS1,7bZGP9ijvv55LOENT634Mj
739,Central Cee,5H4yInM5zmHqpKIoMNAx4r
740,Azad,7LQLsKs1Qulq0BxYdhRnBU
741,Eves Laurent,5QWQYxfuoNq7iJBlbIAYRS
742,The Blockparty,1zmmIiBBODh2QxbdUqYbdU
743,Meek Mill,20sxb77xiYeusSH8cVdatc
744,The Avener,0e6qzpphJHtObTSwD75mi0
745,Mau y Ricky,2wkoKEfS6dXwThbyTnZWFU
746,Tryo,4ZP3CHz28XWVLGiaVVWuLj
747,Qlas & Blacka,0ltU5V1lbLkZlgXrnCeGjx
748,Bozza,4WoSAKuoaPxrbwp3Y1PvKb
749,Bag Raiders,6fXEqmGQEt6ONuqVmwrN46
750,Lucio101,4LwRgSkj7AJJTKLnEaHjMv
751,22 Savage,7x8MuRMbm9XIldHSJOtoNo
752,Tino Martin,0iVHnv2bQN5iee8J6iCVO4
753,Clean Bandit,6MDME20pz9RveH9rEXvrOM
754,Chily,0mnNM5o7vtxo3ivC7Tmoah
755,Ra'is,6tekmZkCK5xHTIwWeqyr0i
756,Vera Blue,5ujrA1eZLDHR7yQ6FZa2qA
757,AI,0aD7NQx7yauKlVDnqOxk6q
758,ItaloBrothers,5nkYRuiIHg2xXHFC8bfosJ
759,Fetty Wap,6PXS4YHDkKvl1wkIl4V8DL
760,JB Scofield,13eBAN8IqzICKLq1BzGmqj
761,Zion & Lennox,21451j1KhjAiaYKflxBjr1
762,Elias,4R0FKprdEeUIbzAwhrYTv2
763,Eno,3GBBxBdoolb0B5YizZq9bF
764,Nio Garcia,5hdhHgpxyniooUiQVaPxQ0
765,Fresku,5m1cLmgZIfEYPLejhLFR10
766,James Arthur,4IWBUUAFIplrNtaOHcJPRM
767,Dosseh,3b5bg1k6N9u31OtzSfK2dP
768,Larry,0YqeL4iGLLNiwRXZvew1TM
769,Fard,7iZ5x5fwRwROoX3iRWpVgN
770,Sarah Connor,7e52Ytzjj1q71DUj2cSlch
771,Kalazh44,5sRQkVexJlax2iISuqL8cV
772,Quality Control,6i392l38cR3uBPF0DbNs7S
773,Summer Walker,57LYzLEk2LcFghVwuWbcuS
774,M.O,6Ur6METz02CC9zcJWDFicC
775,Olivia Holt,188VINPQh5dyNfLUkevKqf
776,The Cratez,3pVfscwg2QxhdHtk966inb
777,A$AP Mob,7yO4IdJjCEPz7YgZMe25iS
778,Sheppard,6VxCmtR7S3yz4vnzsJqhSV
779,ELIF,65AzRSW0jKSs0WtttEXrOw
780,Bicep,73A3bLnfnz5BoQjb4gNCga
781,Kianush,0t9IVyFGzH79wIFfhEXddQ
782,Cole Swindell,1mfDfLsMxYcOOZkzBxvSVW
783,Bokoesam,2NFWbreVmIEJG0iqIvLDOI
784,Lou Monte,7dbKeVkihtOifdiu7f3rUg
785,$hirak,1uUuCEXmWpKN2YLl5xSoT2
786,Tom Gregory,6Rmg5JiRphFMlhkwGNl9Fu
787,kZm,4hg5WX4ro6OVIg66dcYUk4
788,Jalil,6pBDI6JuD02u2ZpynOYhRg
789,Gradur,2tcoLkA9Hexz70Kuc1NTUl
790,AKLO,5fNuYnFYyzsrVRtDcKPnxb
791,Topic,0u6GtibW46tFX7koQ6uNJZ
792,Ryan Riback,33JQK4UoS2aMPYBfdB5Ftt
793,Usher,23zg3TcAtWQy7J6upgbUnj
794,Awesome City Club,7jGn8qhLb48n7yMMNfAoHv
795,Anjulie,4DTbdShHu2RPYEEMUp2XWV
796,C. Tangana,5TYxZTjIPqKM8K8NuP9woO
797,StaySolidRocky,1XLWox9w1Yvbodui0SRhUQ
798,back number,6rs1KAoQnFalSqSU4LTh8g
799,MOMOLAND,5RR0MLwcjc87wjSw2JYdwx
800,Sia,5WUlDfRSoLAfcVSX1WnrxN
801,Dyna,0icP5fTpaY52Ll9QHNRrFT
802,Bas,70gP6Ry4Uo0Yx6uzPIdaiJ
803,Killer Kamal,7dIDQEphDdlOMuXkw6IGrF
804,KeBlack,7x3eTVPlBiPjXHn3qotY86
805,AnnenMayKantereit,23xqmJEN3oVxwzqtNIyR5m
806,The Plug,5r3fI2q1YU3QyVP7oncOQ9
807,LUM!X,0TKFPt9w0AAEnhB9bd0pLy
808,Britney Spears,26dSoYclwsYLMAKD3tpOr4
809,Vaundy,2IUl3m1H1EQ7QfNbNWvgru
810,Rex Orange County,7pbDxGE6nQSZVfiFdq9lOL
811,iLL BLU,550Zxz0BTZi3yd8gX9QINw
812,NAVI,5DCwmxnCqNVMljhthee6ti
813,Luísa Sonza,4PzYKhC14sTJNEr0dzoo0d
814,Skiezo,5VL1Dsii72aph9qChrkuJC
815,Motohiro Hata,706WzkJEacBrtkHKRpBU2q
816,OSH,7KHHYdr41rIO5k4ENDbfNp
817,Moon Taxi,5DK8eK7fjvRsziXzyr3sFA
818,Leo Ieiri,1XErHyc10VN8bfGKma1Yyc
819,Jack Harlow,2LIk90788K0zvyj2JJVwkJ
820,Boulevard des Airs,6px2zTzjQAPLkuea5qQ2Gx
821,YG,0A0FS04o6zMoto8OKPsDwY
822,SDP,1EfwyuCzDQpCslZc8C9gkG
823,Yellow Claw,47z7ZrgFoBvVpCnElCE3Zh
824,Catfish and the Bottlemen,2xaAOVImG2O6lURwqperlD
825,Chris Rea,5KEG7G8LDYlHgFDqZyEEs2
826,Takehara Pistol,0IRFQcZbbHHpFY5EUNA2XA
827,Francesca Michielin,4jFlmD92WULLlaRS8Cj6QS
828,Snakehips,2FwJwEswyIUAljqgjNSHgP
829,Ashafar,438nTuoZFCZCyBl33jE9dU
830,$NOT,5IbEL2xjRtKsunfmsahLuO
831,Harry Nach,0NnUMWDCDi1snuMja6IdxH
832,Latifah,1a4DIEh9pp70HzDHgyjioB
833,Dorentina,4BMNa7OwCq14ikdVluvUP5
834,Yumi Matsutoya,1LQQtqc1vQ1neUgZrjYlEU
835,Jaden,0xOeVMOz2fVg5BJY3N6akT
836,Youngn Lipz,36PxHmbx5QrRTpuCaw4FuV
837,Ismo,2vRJ1xr5DT4PdBnM63DBJZ
838,Soufiane Eddyani,3g6GiVVg4ynji0D8f93bHZ
839,Frizzo,44gg6tVRVzjoLVJlF4G3x0
840,Cashmere Cat,2LZDXcxJWgsJfKXZv9a5eG
841,Clinton Kane,7okSU80WTrn4LXlyXYbX3P
842,Deno,58ICshZ0AgBMNJiLHK3U8l
843,Majestic,6QMABvTzixnxzsLYyhqRxI
844,Daniel Caesar,20wkVLutqVOYrc0kxFs7rA
845,milet,45ft4DyTCEJfQwTBHXpdhM
846,tofubeats,2FzqIT8JP1gd3Tlo6ix1fT
847,MAMAMOO,0XATRDCYuuGhk0oE7C0o5G
848,Sofi Tukker,586uxXMyD5ObPuzjtrzO1Q
849,Jon Pardi,4MoAOfV4ROWofLG3a3hhBN
850,Bill Withers,1ThoqLcyIYvZn7iWbj8fsj
851,Yungen,3ijd7T9kkzgvfx1az6Z3wj
852,Mariah Carey,4iHNK0tOyZPYnBU7nGAgpQ
853,Foorin,3h95Ve9m3Q07d8VG6V9hEU
854,PA Sports,2qMezKrAKRh2Z2uR3fCqHt
855,EXILE,6zGmypGQUBXD4ZC9EbfMme
856,Djamila,2Dh0kFL1Dosd9G17HwrkKc
857,Gringo,5Sjj30aHCmKcM9SdVX7PBK
858,Jigzaw,3syirl4cAvDZRaPleyMyS9
859,Slimane,4OV6uYSnHxSYkjDYuBVBUz
860,Pressa,5olrQpDroHT7sjmYWMLivy
861,24kGoldn,6fWVd57NKTalqvmjRd2t8Z
862,Kungs,7keGfmQR4X5w0two1xKZ7d
863,Musso,2FyxcdLSH7XqsfJE6Iu0tJ
864,Jowell & Randy,4IMAo2UQchVFyPH24PAjUs
865,LiSA,0blbVefuxOGltDBa00dspv
866,Taro Urashima,5RSxs4Rb82wINvjv5KJ7JK
867,Eiffel 65,64rxQRJsLgZwHHyWKB8fiF
868,Caza,1ImONfzw8LUXK6mxn2BDT9
869,Sami,0qD3G5J88kgYXjZSxJBgwi
870,Gorillaz,3AA28KZvwAUcZuOKwyblJQ
871,benny blanco,5CiGnKThu5ctn9pBxv7DGa
872,Brulux,1LYOKaB67uPrzpNMIk10k9
873,RUGGED,7HVtSgsv5Ye0Y6ntC97jbW
874,Feder,5KnoVkIUGmK0PiDKMjz2LM
875,Ellie Goulding,0X2BH1fck6amBIoJhDVmmJ
876,Walk Off the Earth,6jEiUoyyJNPHzSR0Nib6HX
877,KAROL G,790FomKkXshlbRYZFtlgla
878,Sfera Ebbasta,23TFHmajVfBtlRx5MXqgoz
879,Xavier Naidoo,47RPLpnGhBRTjQrRBOev9s
880,The Partysquad,2dQgOfBP52UwjegY8FwJAY
881,Famous Dex,0WOxhx4hikIsyF3CRPLC8W
882,The Vamps,7gAppWoH7pcYmphCVTXkzs
883,Conkarah,7vPGzgDg3qGUY5bWtrO3K4
884,La Fouine,6QS84S3i4gwdEKqWoTtDLd
885,Kempi,0FWWBkIJD4tvlDzB4O8XT7
886,Gang of Youths,142YBUGmLWCJigFLzgguf8
887,Take That,1XgFuvRd7r5g0h844A5ZUQ
888,サザンオールスターズ,79nkC8XZ5ohEVU0Xlf5Ael
889,Joker Bra,325L7kby6bkG5qSXXAFEWM
890,GASHI,0JOxt5QOwq0czoJxvSc5hS
891,Lorde,163tK9Wjr9P9DmM0AVK7lm
892,Lil Eazzyy,0rpUnzu4JIoRkKkGvdcm7b
893,Bandokay,0CqfkYr7CBuSySa4wUBChE
894,Shota Shimizu,2ZjWbNQAjL74Pf4aqikIz2
895,Bushido,3c96G4d2lUOxhomM2mby5S
896,Ingrid Michaelson,2vm8GdHyrJh2O2MfbQFYG0
897,Leon Machère,4NMbgO5NL6aXzSmQzAAYPP
898,4Keus,2LUi4eKMEFKFM4awgurcSs
899,Rolf Zuckowski,2qn4hIXsvRUyFoboMi31XB
900,Disturbed,3TOqt5oJwL9BE2NG9MEwDa
901,Natalie Taylor,2WxjxdeF7GGdcCK276qViY
902,Justin Quiles,14zUHaJZo1mnYtn6IBRaRP
903,Emilio,1HFnM3rs2ZJWVL9q273DYF
904,Lil Xxel,7iDeMFJKjI1ak40N3hoYOZ
905,Dixie,3DKkhRCGOG4e8IUPYFPfWs
906,J SOUL BROTHERS III,1g51NlHKUXlgfvGP22m0uD
907,Yung Hurn,4PvnP3yCzrT289cX3wCdOx
908,Yxng Bane,5AbLpsnTQVNB3OEadYiVrK
909,Kelly Clarkson,3BmGtnKgCSGYIUhmivXKWX
910,Fujii Kaze,6bDWAcdtVR3WHz2xtiIPUi
911,Adventure Club,5CdJjUi9f0cVgo9nFuJrFa
912,Mitchell Tenpenny,1p6CdzJRoicjRcSdWoB9Qc
913,HRVY,28y6CyJNkGNjJQKrlx4AmN
914,ヨルシカ,4UK2Lzi6fBfUi9rpDt6cik
915,Julien Doré,6jStlKLflTMUN6BajxrNlj
916,SEVENTEEN,7nqOGRxlXj7N2JYbgNEjYH
917,Jala Brat,6C1X5Uh3DPIkC2gaVq00BL
918,Vance Joy,10exVja0key0uqUkk6LJRT
919,Cold Chisel,1VcbchGlIfo3Gylxc3F076
920,"Tyler, The Creator",4V8LLVI7PbaPR0K2TGSxFF
921,DJ DYLVN,0UW6JJvOT28AEOnu9H9d5l
922,Symba,1VmIfQToGVtxmv2w3QtyVY
923,Melo68,1ZWf8MWni6o8TptTBKk2ld
924,HUGEL,5PlfkPxwCpRRWQJBxCa0By
925,Fumez The Engineer,0ksX396B3t2Gt8kwr0BJZk
926,Trettmann,6QzzeKV0VcnT2vJMYDPuL4
927,Seeed,5ISjkNS17JpCwiFtW80lpV
928,Seeb,5iNrZmtVMtYev5M9yoWpEq
929,Rambo,2PJOtFMkYPaqPSSQtdA9Yi
930,Kendji Girac,4IS4EyXNmiI2w5SRCjMtEF
931,Petit Biscuit,6gK1Uct5FEdaUWRWpU4Cl2
932,FouKi,3IMC79WXhjXUkDHhpsSN8n
933,Troye Sivan,3WGpXCj9YhhfX11TToZcXP
934,Vonneke Bonneke,4FG1eGySAGKqMWk2HiVyAq
935,Jayh,1eLxAzPSnsl03ajNNihddF
936,AJR,6s22t5Y3prQHyaHWUN1R1C
937,Farid Bang,2JwyRtuXf2l6sTnSnGVIa1
938,DODO,0Q73wiY36HDHHvxE9fAI95
939,DJ D-Train,5wUm5dmOSmUE7349HnN9is
940,Médine,1afjj7vSBkpIjkiJdSV6bV
941,Hugo TSR,4wuKH89QtnyauwNpBMp5RP
942,Christina Aguilera,1l7ZsJRRS8wlW3WfJfPfNS
943,VINAI,4mrBetqy378Jf1y6NLszlx
944,Wham!,5lpH0xAS4fVfLkACg9DAuM
945,The Drifters,1FqqOl9itIUpXr4jZPIVoT
946,Kingsize,1d6XcWMNZgvbgs123LlFgJ
947,Dante YN,7oIvDwKGV2SuH4HJl0CKPp
948,Peking Duk,0UZ1nu3kcdNlCoiKRjmSSY
949,Kesha,6LqNN22kT3074XbTVUrhzX
950,Masked Wolf,1uU7g3DNSbsu0QjSEqZtEd
951,alt-J,3XHO7cRUPCLOr6jwp8vsx5
952,M24,601bmA9VRZnMVclsxG7W6T
953,Hansie,3Xvu1Rur46ZO8HiE9hBuxl
954,Lorenzo,62zLrboqOTPyozwi721CVy
955,The Rubens,2hrWpLNoJcs1EnWSXvB6JI
956,flumpool,5Kpt1mryjiwHa9goYPQG1o
957,Young Thug,50co4Is1HCEo8bhOyUWKpn
958,Jay Rock,28ExwzUQsvgJooOI0X1mr3
959,Gambi,1lB3I3SI30v2ZOpR4XQqzJ
960,Sakanaction,0hCWVMGGQnRVfDgmhwLIxq
961,Miranda Lambert,66lH4jAE7pqPlOlzUKbwA0
962,Reda Rwena,1Sl3idO2XzH3AVb6nOjOxs
963,BangBros,6wcT500uQzB1eQ0XhAnnGv
964,Les Frangines,2sYOUJa6fNc4ke4Zo6EkZ4
965,LANCO,2lRH2dgU5Kk4Bc5phmII4T
966,Vitaa,0Ntl0oWMPWfBOoi9Qcr9ht
967,Michael Bublé,1GxkXlMwML1oSg5eLPiAz3
968,Ilse DeLange,3FTKP1k9VbOng3m1rgnsqx
969,The Wombats,0Ya43ZKWHTKkAbkoJJkwIB
970,WALK THE MOON,6DIS6PRrLS3wbnZsf7vYic
971,Elephanz,2CD8tl357w6zYA3XYuOJPO
972,Ramo,3eSn9mqkLzdmxzHJ9KDPmC
973,Rvssian,1fctva4kpRbg2k3v7kwRuS
974,Anderson .Paak,3jK9MiCrA42lLAdMGUZpwa
975,KIRA,384MAG8fZLUBFQoO2KgDVG
976,Daddy Yankee,4VMYDCV2IEDYJArk749S6m
977,iri,1mN9lPKzTRTOop4u7S1Uy9
978,Meghan Trainor,6JL8zeS1NmiOftqZTRgdTz
979,Mud,3cqIsBnzV3BabbPWKz8Txf
980,EREN CAN,0UwDgULqasKVT9gjTZsmIn
981,Cage The Elephant,26T3LtbuGT1Fu9m0eRq5X3
982,Cheat Codes,7DMveApC7UnC2NPfPvlHSU
983,Sasso,35B6bq5keTR1PYEahq1TAF
984,SHAED,3KwmxIhSe9UTSEF37kwngR
985,AJ,4fUHIq4b5WARbnYXe2UH2x
986,Reynmen,1Fg19vpUJpAAPFjnKaVYVW
987,Felix Jaehn,4bL2B6hmLlMWnUEZnorEtG
988,Vega,6F9QTYrJgiLY80BZGzWIHO
989,Remoe,2Q570lQPWiuP2dCOP69jO3
990,Lucenzo,5bv5RplEOwdCvhq0EILh9E
991,Russ Millions,3FoFW2AoUGRHBacC6i4x4p
992,Delany,1XTd9ZCFzkRPUoO9yHQAYP
993,FISHER,1VJ0briNOlXRtJUAzoUJdt
994,Christine and the Queens,04vj3iPUiVh5melWr0w3xT
995,Fay Lovsky,2NEeqYen2FsMivq7JBIJiv
996,Cordae,0huGjMyP507tBCARyzSkrv
997,Vianney,4Nrd0CtP8txoQhnnlRA6V6
998,Chris Hart,7HKv46ONX5fJFCSygtx9R0
999,Stay Flee Get Lizzy,2oZq6t5DkE2BdGbD6x8RXh
1000,Hayce Lemsi,3gz8sBWqcMQ0qsrZIoVphx
1001,OneRepublic,5Pwc4xIPtQLFEnJriah9YJ
1002,DREAMS COME TRUE,2mJOGcLR3aCHkM1uAF93or
1003,KOHH,3MUcTGmdb4on8WHhIhPkzK
1004,MACHETE,7Do8se3ZoaVqUt3woqqSrD
1005,Vickeblanka,0PYPjvZaOa7bsCq26JOX8d
1006,M1llionz,5ZD4VhNTUEnEBTlWQPeyzq
1007,Franglish,4uJNQGa3L2frXDxwgouTIw
1008,Columbine,5AAzeysphag0NxJxLbbVla
1009,Joyce Jonathan,25eQCECJH4VTpBYV9jhpyE
1010,Sheena Ringo,2XjqKvB2Xz9IdyjWPIHaXi
1011,FiNCH,1ZyqnbV7Brg5LgyS4EZCUD
1012,Yxng Le,3Ptyea6E1lJgg6W64f0OQa
1013,Kings of Leon,2qk9voo8llSGYcZ6xrBzKx
1014,Robin Schulz,3t5xRXzsuZmMDkQzgOX35S
1015,Kanye West,5K4W6rqBFWDnAN6FQUkS6x
1016,Lady Gaga,1HY2Jd0NmPuamShAr6KMms
1017,tha Supreme,19i93sA0D7yS9dYoVNBqAA
1018,John Mayer,0hEurMDQu99nJRq8pTxO14
1019,18 Karat,5oWFxbBrbk2Mw86PLUg3OZ
1020,sumika,0ySFZq3Wd0SQUyJUzmJAeb
1021,Wes Nelson,4ktBrNjagCGftyuBLJkATq
1022,Jason Derulo,07YZf4WDAMNwqr4jfgOZ8y
1023,Brent Faiyaz,3tlXnStJ1fFhdScmQeLpuG
1024,Cash Cash,1LOB7jTeEV14pHai6EXSzF
1025,DJ Erise,5un78gf3HzGs8Kgeoflgna
1026,MC's Jhowzinho & Kadinho,2Q4r4Epfaaho06ONTHx7OS
1027,Lewis Capaldi,4GNC7GD6oZMSxPGyXy4MNB
1028,John Williams,3dRfiJ2650SZu6GbydcHNb
1029,Ayo & Teo,27mFvqQj8KpjmdKIqcw1mG
1030,IU,3HqSLMAZ3g3d5poNaI7GOU
1031,PRINCESS PRINCESS,2fpbR8VQWHUivTaeLTR5MJ
1032,Noel Gallagher's High Flying Birds,7sjttK1WcZeyLPn3IsQ62L
1033,DYSTINCT,1cKyknhftNKXCjMBd2hDrG
1034,Vladimir Cauchemar,2V5xArcB3BGAHmwsK46tyU
1035,Hiroomi Tosaka,4lsSLCTKrmfULsRivqAShx
1036,UZI,5U05AU34EcZ8pfohg2dicI
1037,Rod Wave,45TgXXqMDdF8BkjA83OM7z
1038,Gym Class Heroes,4IJczjB0fJ04gs4uvP0Fli
1039,MIST,63X1WKthLQidtqxxO2sgeq
1040,Riton,7i9j813KFoSBMldGqlh2Z1
1041,Pietro Lombardi,387fj6TuPJ3y2H8ViAm6r0
1042,Liam Gallagher,6sN51vEARnAAdBw1IKZ8Q9
1043,A$AP Rocky,13ubrt8QOOCPljQ2FL1Kca
1044,Aimer,0bAsR2unSRpn6BQPEnNlZm
1045,Stef Bos,4Rw9pvzG1NLs1RbB8cxBfW
1046,Tarek K.I.Z,0HXAyc6kXXdnrE8wdVwS5E
1047,Jessie Reyez,3KedxarmBCyFBevnqQHy3P
1048,Sjaak,2YjydjpJfm9VAtiV0XRmkm
1049,Cosculluela,00me4Ke1LsvMxt5kydlMyU
1050,Yo Gotti,6Ha4aES39QiVjR0L2lwuwq
1051,Nat King Cole,7v4imS0moSyGdXyLgVTIV7
1052,Normani,2cWZOOzeOm4WmBJRnD5R7I
1053,Mister You,74YbW6s8CZdaYLxJU9HeS7
1054,Busy P,3coXUO5EiwR37nzX4xWjIV
1055,Dotan,1cwOthlzLBwN8Imbq7P71H
1056,Pietju Bell,1u93ZA92GfXqLgNv4x8uJv
1057,I am Aisha,1fTPAgBH6gCQZU9bBWVaOf
1058,Pink Sweat$,1W7FNibLa0O0b572tB2w7t
1059,Leafs,6Ul16nbSefjbgfpDz2k9il
1060,Fatah,5tzrNHhl5pR4ljkkaz4DHN
1061,HAIM,4Ui2kfOqGujY81UcPrb5KE
1062,Bokke8,742XDtXqGyHQR4D5wJCfmB
1063,Benjamin Ingrosso,7jEEE187pVG6InOxn03oA5
1064,SL,0wY1K9SgxbaRfoFRmSR5x5
1065,Figo Gang,7kpbKPdmy6jHnsfTHdZmU7
1066,Rammstein,6wWVKhxIU2cEi0K81v7HvP
1067,Poo Bear,3JXpwnHbLvXxY99EuXqFPX
1068,Bryant Myers,6w9ToX5slZ4uIdmD17hJ3c
1069,Shakira,0EmeFodog0BfCgMzAIvKQp
1070,AC/DC,711MCceyCBcFnzjGY4Q7Un
1071,Joel Corry,6DgP9otnZw5z6daOntINxp
1072,Snollebollekes,2DbTbUZFWbi3U3QzgJqU0V
1073,Mura Masa,5Q81rlcTFh3k6DQJXPdsot
1074,Andra Day,1c4rxrxy8eDLvMVL1DTiBe
1075,YBN Nahmir,3gGUMEwIX6XodWsYEvKSal
1076,Zack Ink,7uaikZmOtxXTNe5kPWv5t6
1077,Lucas & Steve,5wwneIFdawNgQ7GvKK29Z3
1078,YONII,7H3TyvM3dpW78cru0Oaui9
1079,BUMP OF CHICKEN,0hSFeqPehe7FtCNWuQ6Bsy
1080,Novel Core,4CNZyuclyT33od27ZSjJMD
1081,Kehlani,0cGUm45nv7Z6M6qdXYQGTX
1082,Ali B,5quv5QEyL2XAloebaau69m
1083,Dominic Fike,6USv9qhCn6zfxlBQIYJ9qs
1084,The Prince Karma,6ew7qRw24oov125Oly8pFD
1085,Guy Sebastian,5PjekOABtfU2Kwo0AHVmci
1086,Jayboogz,5tTHX8CPiN6VMR8YEWecSS
1087,Ava Max,4npEfmQ6YuiwW1GpUmaq3F
1088,Moji x Sboy,4J3vhZNPel1Tyj2GHsXi6i
1089,Black Eyed Peas,1yxSLGMDHlW21z4YXirZDS
1090,Saucy Dog,4WqXqPmUuenMIr4QaFrZXN
1091,Makkie,3ZwM56IXFGMIsUFK0GEygo
1092,Ares,30WLe30YBfDFoIkJS0Tml9
1093,Måns Zelmerlöw,1IxP1g9VrPzJqXFCsuyHKe
1094,Tones And I,2NjfBq1NflQcKSeiDooVjY
1095,Purple Disco Machine,2WBJQGf1bT1kxuoqziH5g4
1096,[Alexandros],1luOe8HkZQ7zwuaO2wuJqI
1097,aiko,6TDMbiQCWeMClsMr9ORLRK
1098,dutchavelli,2tPR06hLUvH5aIY3JXNIxY
1099,Paramore,74XFHRwlV6OrjEM0A2NCMF
1100,Desiigner,7pFeBzX627ff0VnN6bxPR4
1101,88rising,1AhjOkOLkbHUfcHDSErXQs
1102,93 Empire,6G2XHZtd6wJhEHtipzcpqy
1103,Siboy,04AIS3XqFcq2k8w3Tx4AmU
1104,Elephant Kashimashi,24ljrnVUlUZ2apxF6GZsrm
1105,Garagen Larrys,2vrKdu8r7lKBR7Z553zwUp
1106,Nullzweizwei,0TVANDORspsd2X7Gg9rhcW
1107,WhoHeem,5KYEMMz9O9iLIESifKAEOp
1108,Panic! At The Disco,20JZFwl6HVl6yg8a4H3ZqK
1109,Azzi Memo,477D3WI5iTnEmCOe7QFU5G
1110,The Veronicas,1dIdBZaaHRW2bDTkHNfWln
1111,Bilderbuch,2ErWLckuGFl84nGmg5fwyG
1112,Ali Gatie,4rTv3Ejc7hKMtmoBOK1B4T
1113,Russ,1z7b1Pr1rSlvWRzsW3HOrS
1114,Money Man,3Rx4PJ7SP6unkOk5elPUK7
1115,Kohmi Hirose,0jMZY406RfgjK6PFKIRfAv
1116,Bon Entendeur,2lwjwKfYZCuPEJOo8t32CD
1117,"Bobby ""Boris"" Pickett",42MRYPhQfcEXqb18dl5ERX
1118,KALEO,7jdFEYD2LTYjfwxOdlVjmc
1119,WILLOW,3rWZHrfrsPBxVy692yAIxF
1120,Red Velvet,1z4g3DjTBBZKhvAroFlhOM
1121,Rudimental,4WN5naL3ofxrVBgFpguzKo
1122,Jamie Cullum,3XxxEq6BREC57nCWXbQZ7o
1123,MISIA,3uyDATzOGjbGCts7v2eszk
1124,Ketsumeishi,4FyAgiZa3q0eeljDvcOXFh
1125,Jesse & Joy,1mX1TWKpNxDSAH16LgDfiR
1126,Artistic Raw,2bPh6UXbS7wZ7tyN35kFEG
1127,SAINt JHN,0H39MdGGX6dbnnQPt6NQkZ
1128,Mother Mother,0e86yPdC41PGRkLp2Q1Bph
1129,Ruth B.,2WzaAvm2bBCf4pEhyuDgCY
1130,Eko Fresh,7GaMopkesD4KK9dNbgyO5D
1131,Yoshiki,2EWIKpC6npt0GTe1Cq1KDm
1132,Dopebwoy,6OQggpm01CmAB717TKtDCr
1133,Linkin Park,6XyY86QOPPrYVGvF9ch6wz
1134,Royal Blood,2S5hlvw4CMtMGswFtfdK15
1135,Lil Dicky,1tqhsYv8yBBdwANFNzHtcr
1136,Train,3FUY2gzHeIiaesXtOAdB7A
1137,Brett Young,0fiWOxhsBsQQvFDtxUQWo0
1138,Elams,2IoSLl3tqYMq9DzR0d6NJN
1139,JIGGO,5Pmsa0FeoMFWsjhpo2bIAK
1140,Murda,2y1VzMKAa5nmfXKtJL9jnj
1141,Labrinth,2feDdbD5araYcm6JhFHHw7
1142,Mashd N Kutcher,0G5lZVxoMwoY8oV6zR8E7k
1143,IliassOpDeBeat,7jlzu3WivGk7tszA2QUSxw
1144,Nulbarich,2yPOqQXgXAw3TVjCNReIrD
1145,Run The Jewels,4RnBFZRiMLRyZy0AzzTg2C
1146,Sam Hunt,2kucQ9jQwuD8jWdtR9Ef38
1147,Ella Henderson,7nDsS0l5ZAzMedVRKPP8F1
1148,C ARMA,1wLLRA70itxEltujaQlLiT
1149,PRODUCE 101 JAPAN,08W95PavXzyJenqF5bp386
1150,Lele Pons,6i3DxIlAqnDkwELLw4aVrx
1151,Elton John,3PhoLpVuITZKcymswpck5b
1152,Lucass,5hBg0IBoDtkqR9mjsiyFni
1153,Michou,1nODcAdzs2eLjAp6AsrMzA
1154,Wale,67nwj3Y5sZQLl72VNUHEYE
1155,Snow Patrol,3rIZMv9rysU7JkLzEaC5Jp
1156,Huncho Jack,6extd4B6hl8VTmnlhpl2bY
1157,Diggy Dex,4XQhU3S4TyPkiPIsSu2hmA
1158,DJ Babs,0DrzKyq66BJLP9V5IjiE4d
1159,Kav Verhouzer,1yYBD4cVxCxXQXi4QGZfSo
1160,Glades,2IrIxkfver7SZcOsFC0l6Q
1161,Lost Frequencies,7f5Zgnp2spUuuzKplmRkt7
1162,Frankie Goes To Hollywood,1mZu3rO7qSD09GdDpePHhY
1163,Mr. Probz,33W1pnW9zScZtYTnAoWnOT
1164,Flume,6nxWCVXbOlEVRexSbLsTer
1165,Maestro,36qY2GiiA6O32e7iWGlrqF
1166,Cochise,46HzS7yz0c9udVwtbHk1sx
1167,Kekra,20pbz4TbpkBUr5JwYfGgPS
1168,Paulo Londra,3vQ0GE3mI0dAaxIMYe5g7z
1169,Joshi Mizu,03bmDyr8klGV17DKQnPZVA
1170,James Bay,4EzkuveR9pLvDVFNx6foYD
1171,blackbear,2cFrymmkijnjDg9SS92EPM
1172,Moneybagg Yo,3tJoFztHeIJkJWMrx0td2f
1173,220 KID,4Euia7UzdRshy1DJOSMTcs
1174,Hoshi,7mPT6wrOjVC4visft9qpYQ
1175,Green Montana,0zhMujl1yB8pkB023Qm4Y2
1176,The Cast of RuPaul's Drag Race UK,7oNsk0nkBTccrd9DTdeiPc
1177,Enrique Iglesias,7qG3b048QCHVRO5Pv1T5lw
1178,Indigo la End,26ZBeXl5Gqr3TAv2itmyCU
1179,Kenshi Yonezu,1snhtMLeb2DYoMOcVbb8iB
1180,Lee Brice,5Zq7R5qmi58ByYyBQTlNuk
1181,Max Giesinger,224CDJhbm230iSo9ZomTWe
1182,Rihanna,5pKCCKE2ajJHZ9KAiaK11H
1183,Flipp Dinero,2HUwZ0kumzCSlhFcjFZfpp
1184,Konfuz,0JHx4h8GAtjhmHMQ68iQiU
1185,Alicia Moffet,5ph9A8j6xyDlLNZTqYgNV1
1186,Davina Michelle,6OG9fZ1LKXyL0hShRmmnq1
1187,Ofenbach,4AKwRarlmsUlLjIwt38NLw
1188,ICE,2lijXumljJXXrdagON1wtM
1189,和ぬか,6LesPuO1nhgJ2acJ4MjyBI
1190,RAYE,5KKpBU5eC2tJDzf0wmlRp2
1191,MK,1yqxFtPHKcGcv6SXZNdyT9
1192,GoldLink,5XenQ7XfcvQdfIbpLEFaKQ
1193,Fourty,1SnSPHBs8l5iAvoWF0aO05
1194,Mimi Webb,3GxKJzJK4LpsYGXQrw77wz
1195,Farruko,329e4yvIujISKGKz1BZZbO
1196,Yssi SB,0o1hCS1PDOc1UtVrcXB9s8
1197,Lennon Stella,1cZQSpDsxgKIX2yW5OR9Ot
1198,Lil Durk,3hcs9uc56yIGFCSy9leWe7
1199,Indochine,7knmbOGe07k85GmK50vACB
1200,*NSYNC,6Ff53KvcvAj5U7Z1vojB5o
1201,Jonas Esticado,22jNvLBrXGKr4CcV2tw8Ag
1202,Sidhu Moose Wala,4PULA4EFzYTrxYvOVlwpiQ
1203,CXLOE,6M25WWmNO7wK1DnKmd3z6R
1204,ANNA,7K80yOTC0Id95gRaOxDG5u
1205,Enemy,6nef6002aZx63N9P9KSmCF
1206,1PLIKÉ140,4Ue6MAZqz18NlaOQomRXLU
1207,Nina Nesbitt,7AzjETXRUKNRSJHMW9GIqd
1208,Rich Brian,2IDLDx25HU1nQMKde4n61a
1209,Architrackz,5YqXgMhzkUnyjYQGgoIvoq
1210,Polo G,6AgTAQt8XS6jRWi4sX7w49
1211,Ramz,6ywXRaHY7m2DJ0dd7CsLAB
1212,Mike Posner,2KsP6tYLJlTBvSUxnwlVWa
1213,Hiro,64XqdWjtYhfMJeQB7wtAwS
1214,Little Glee Monster,2N19kPGlqKY8GiyE4DkAtp
1215,Paul Woolford,4CA8PTrbq1l5IgyvBA2JSV
1216,Klem Schen,2h5IzYxNFBtXa3PsnV370c
1217,De Jeugd Van Tegenwoordig,1u7uShzlA1tXJeox3jMFPq
1218,OMAR,0h0Iypw4Zpe2pWEKIS9So3
1219,Geechi,30TCJAB49OXPfotwqvvB8W
1220,MoStack,14H15rElxdGClICOZXEYHP
1221,NOTD,5jAMCwdNHWr7JThxtMuEyy
1222,PRIME,1FhFAnXsMLYJhRVBKvcdHU
1223,Nura,3gkbRDj7pkIylWVBpRfrQf
1224,Jessie J,2gsggkzM5R49q6jpPvazou
1225,Zkr,2yJ6lsLqG06r9bckSTQRt4
1226,Frosty,2uaGbYYR6MVKSR371T3a7p
1227,Miguel,360IAlyVv4PCEVjgyMZrxK
1228,Alvaro Soler,2urF8dgLVfDjunO0pcHUEe
1229,Bobby Shmurda,34Y0ldeyUv7jBvukWOGASO
1230,5 Seconds of Summer,5Rl15oVamLq7FbSb0NNBNy
1231,Lyna Mahyem,0Yj3N31EWXHc6e3eDyJPLP
1232,PnB Rock,21WS9wngs9AqFckK7yYJPM
1233,H Jungle With t,5tzXe29CBmoCiUGwpfYAct
1234,Jim Pandzko,6LLkR5gUCfKpHT1BTgGQ55
1235,Deorro,6VD4UEUPvtsemqD3mmTqCR
1236,Sigrid,4TrraAsitQKl821DQY42cZ
1237,Charly Black,5sK8BsvyDl4TFA6KaBf8or
1238,Remioromen,4Yz1LjHwgQ5DFWJrZL8bC8
1239,Kina,4qIVPF0s71ZYW3qzhu5GkF
1240,Sarhad,140rt2E4rTCFAA6R6cbyYb
1241,Takeoff,3EW0kQ1skZiK1NHg3Spt9J
1242,DJEZJA,6bJ0SXA2VXkqXpJBR2SQkf
1243,BRADO,0Mh0QuhaJ6WIW0qrJwzMmt
1244,King Khalil,08ao8gzTHBtNf5Laf9jjwR
1245,girl in red,3uwAm6vQy7kWPS2bciKWx9
1246,Cosmo's Midnight,4VivsO1n4n2Mi2Btyb5gfL
1247,Die drei ???,3meJIgRw7YleJrmbpbJK6S
1248,Ski Mask The Slump God,2rhFzFmezpnW82MNqEKVry
1249,Tyron Hapi,5aSBbBUbArJfyNKDg4KS1I
1250,Madina,0y4l7r6TBlGR78AVAXdMuI
1251,Mathieu Koss,4W6fwRbqEy1dfEoE6OCyZu
1252,Martin Solveig,1bj5GrcLom5gZFF5t949Xl
1253,Joker Bratan,7hnW20YlYish0Ebnix54FO
1254,Jon Bellion,50JJSqHUf2RQ9xsHs0KMHg
1255,Lena,5slpk6nu2IwwKx0EHe3GcL
1256,Bizarrap,716NhGYqD1jl2wI1Qkgq36
1257,Lukas Graham,25u4wHJWxCA9vO0CzxAbK7
1258,Surfaces,4ETSs924pXMzjIeD6E9b4u
1259,Kane Brown,3oSJ7TBVCWMDMiYjXNiCKE
1260,Black M,7lMgpN1tEBQKpRoUMKB8iw
1261,Chef'Special,7IiSLreTg1of8dDwxwiPw3
1262,MEDUZA,0xRXCcSX89eobfrshSVdyu
1263,AMANDA,1vkYQMWQrfBzvXrMCwe50Y
1264,Provinz,2f7f3AmL16mmiAmYnxmmfx
1265,Don Khuma,0IsDyC7yhWO36zl3qlFzGH
1266,Anstandslos & Durchgeknallt,5R8zS6ofKclznKk3ffudoO
1267,Supergaande,1ZhwEGHgNZCnEFPrlWFTMM
1268,Kevin Roldan,1RBzGO6Nm3uyhUSxP7EDWO
1269,Kate Winslet,7q6ozanpOpFUoe6jPQ0jVK
1270,Ella Fitzgerald,5V0MlUE1Bft0mbLlND7FJz
1271,Guizmo,6sYR8JTRUUUzSD9IydLhfG
1272,Sech,77ziqFxp5gaInVrF2lj4ht
1273,B Young,7JMwO9tyFPMsb2KnsJqZlp
1274,Duki,1bAftSH8umNcGZ0uyV7LMg
1275,Abel,4jZgb7ktwlvOA56nlmbaFH
1276,16yrold,1TlOcOaTgKTolKfAUeMHgM
1277,Alice Merton,7f0OLhGgBMX9fUjm1dcPip
1278,Tranell,6UTEBlaB3i0kM4r5S0G0Me
1279,BKO,3ZZlaq6tv1IcMjNtrZpsLd
1280,Jack Orsen,7fNjr8ALzlbt9640bJKxTG
1281,Anouk,6ltVunYjAAD70YtVO6rxvX
1282,The Prodigy,4k1ELeJKT1ISyDv8JivPpB
1283,INXS,1eClJfHLoDI4rZe5HxzBFv
1284,C&K,3eR0Jeo212WCF0Yyi46Pzj
1285,Trey Songz,2iojnBLj0qIMiKPvVhLnsH
1286,SBMG,3HL2hJ9MmM9eazDokIndkr
1287,Banx & Ranx,2uFC1dAj5b0YU7vulKNZ0p
1288,Jordan Davis,77kULmXAQ6vWer7IIHdGzI
1289,CamelPhat,240wlM8vDrf6S4zCyzGj2W
1290,Johnny 500,53phw2rwTqJEtpZ1LgsPgj
1291,Welshly Arms,1xKrH6GSh9CJh8nYwbqW7B
1292,Andy Williams,4sj6D0zlMOl25nprDJBiU9
1293,bbno$,41X1TR6hrK8Q2ZCpp2EqCz
1294,Sada Baby,2JSwnwAT1BupAQkhqcRCUw
1295,ヒプノシスマイク -D.R.B- (どついたれ本舗),0TzkULUsbQERyIc1LUiqQY
1296,Duncan Laurence,3klZnJvYGIbWritVwQD434
1297,Ohashi Trio,5BANJdBRihIaUpzjqAec7E
1298,Johnny Orlando,6aX6KqXgEcARRHwvWxHcFW
1299,The Police,5NGO30tJxFlKixkPSgXcFE
1300,Spice Girls,0uq5PttqEjj3IH1bzwcrXF
1301,Blueface,3Fl1V19tmjt57oBdxXKAjJ
1302,Play69,61fZH5SxVJDnFnocMMPwCF
1303,Mensa,70SvhGqakpocD7GxVYnnBC
1304,Yes Mccan,4jZA2jnUB8cz6EgOto9sMS
1305,TLC,0TImkz4nPqjegtVSMZnMRq
1306,Edo Saiya,0PVPI2jOWDJtWpOxrXnT6F
1307,Jay Samuelz,42Qsw9TK6ddPmWjiRGmi2G
1308,Wisin,3E6xrwgnVfYCrCs0ePERDz
1309,Rick Ross,1sBkRIssrMs1AbVkOJbc7a
1310,Sebastian Yatra,07YUOmWljBTXwIseAUd9TW
1311,SXTEEN,3vioxUBsBBi7pmXx4KG5Vg
1312,Diva Faune,39l75cUNbVMpHgykQLyOUT
1313,STUTS,0qC4CNzOUtgdmdVzRqCa1d
1314,Angus & Julia Stone,4tvKz56Tr39bkhcQUTO0Xr
1315,S-Crew,1HhXce8PpMmaKjBIWzAxWc
1316,Taichi Mukai,2oNStf3CKKLM5lnzELWMcH
1317,Yandel,0eHQ9o50hj6ZDNBt6Ys1sD
1318,yama,7kOrrFIBIBc8uCu2zbxbLv
1319,Conrad Sewell,1rw8ZTLnDHd74TWDDukjVi
1320,Creep Hyp,6POfB0fHdzXFLWL3RHxLv8
1321,RIDSA,4TGltjqP0MQxdGeSIrM4es
1322,André Hazes Jr.,5l2Xy4aUoJDRSpsYHyOumD
1323,Jok'air,2kIs76sEGiulKeqetZq6ua
1324,Miss Montreal,06eTdzI1FA6c2cPQAeVHY2
1325,Christophe,6MmRTVIPIe35OsFqWgRKQJ
1326,Avril Lavigne,0p4nmQO2msCgU4IF37Wi3j
1327,Ødyssey,6qLB9SoM25z2JDFBcgvJ8G
1328,Maggie Lindemann,0uGk2czvcpWQA383Im6ajf
1329,Abra Cadabra,1ZHk8dteZz6Vi2HFp4hGoM
1330,Florence + The Machine,1moxjboGR7GNWYIMWsRjgG
1331,Rockywhereyoubeen,5pieMKHiTXhVZEmlMT0ij7
1332,Ingo ohne Flamingo,7lXp4ROmwdbOD7Q3P8sHLE
1333,Faouzia,5NhgsV7qPWHZqYEMKzbYvo
1334,Tropkillaz,5bzWtCkjIAMgN93gLt56SO
1335,Kraftklub,0MZ55DwuMQ1B2TXq9lcrE4
1336,Louis The Child,7wg1qvie3KqDNQbAkTdbX0
1337,OFB,0koPE9U3b5XYArKa7R2TLm
1338,Metejoor,7hdCH3dJ27WvUbo00gAMwE
1339,BLACKPINK,41MozSoPIsD1dJM0CLPjZF
1340,Delil,1qE4CSDyGGLsSBOtlWoYqX
1341,Burna Boy,3wcj11K77LjEY1PkEazffa
1342,BLUE ENCOUNT,1CWmF1EcrKoWIbZt9Ivfg2
1343,Gregory Porter,06nevPmNVfWUXyZkccahL8
1344,Ateyaba,281AuR0rWkBECMeaAB0pSA
1345,Big2,3B1Z5CuKo6kA4NzitgWwWV
1346,NSG,31Ua7zSTJxegjyd49ujbSA
1347,GLOWINTHEDARK,2gLZZdgHD8ZbSAB2qQkr3P
1348,Jan Smit,7iR5h6yGnTiswjsmj624Rq
1349,Lisandro Cuxi,18B188KE3gPEhXfx15XnhY
1350,Sam's,3mvmdWXXKKpUrmYTvdALyS
1351,Adel Tawil,3rZBkgoRHG8M9jQL0QPNMi
1352,Justin Hurwitz,2snm3HmsnDUDxbIChdl2Oj
1353,Vanessa Mai,3WUe8ADT5d65WeByR3ubl7
1354,Micar,3QqlKdJRY4IqUry390xfvJ
1355,47ter,0aXaZj4wB5jLF2E2d8WEVi
1356,Shotas,626MEj1uIFt7eZMSroO01a
1357,Mötley Crüe,0cc6vw3VN8YlIcvr1v7tBL
1358,CJ,7arQA31aZVS8yS6zUveWzb
1359,Wiz Khalifa,137W8MRPWKqSmrBGDBFSop
1360,Almklausi,3f56dbtoRz7bucWJUeofzK
1361,Whethan,0vqJkZ0RpLZixt3lTmD8vP
1362,Shay,3MNnSV5hDd2UzZzgqD8xlU
1363,Thelma Aoyama,1AU9Y5Y2Taxe4yh7AI6JRD
1364,Waylon,5iuXjsXsTXs8lwmqzsF6dZ
1365,Woenzelaar,5q3cyUYQTJUOSZ6Sciduxv
1366,Paul McCartney,4STHEaNw4mPZ2tzheohgXB
1367,Rin音,2sd5k8N8cAOm6Q8OCcePw4
1368,D-Double,7sgdV8Ka9ILeZdzSqjzItk
1369,Youv Dee,5P3mgWx3KvnURMhlVm5pMS
1370,Dimitri Vegas & Like Mike,73jBynjsVtofjRpdpRAJGk
1371,MATTN,1RQ3ZwCNI7KniEKIN5kkio
1372,Hedley,6Shas1ACrMl25XHgTrzxeo
1373,AriBeatz,6cNWiizYLCClZdnIvqU968
1374,Jan Delay,4KivBMgSnZ7hCDfPm46fKc
1375,slowthai,3r1XkJ7vCs8kHBSzGvPLdP
1376,London Grammar,3Bd1cgCjtCI32PYvDC3ynO
1377,Eurythmics,0NKDgy9j66h3DLnN8qu1bB
1378,Nienke Plas,5rAvD7H6mxJut208JT5KI4
1379,Dennis Lloyd,3EOEK57CV77D4ovYVcmiyt
1380,Ronisia,4krMq8pXkLVTGplpYgHlnV
1381,Every Little Thing,7dZHl3ZmH21XpCwvcMlnml
1382,Louis,6muVA9UXHqzL7ehpyKMS4G
1383,Wincent Weiss,12xme1fwd3iGEW7rF9b6tp
1384,Tom Odell,2txHhyCwHjUEpJjWrEyqyX
1385,(sic)boy,19FI3bwyW062xAmEy3rzsk
1386,Dj 4rain,64YajbnlaxCp4ZDtmGhEBA
1387,Hypnosis Mic -D.R.B.- (Matenrou),3CzMFzHuMzbvcy0qhP0IHQ
1388,Tiagz,4DMkrFIqGXLycc4YLYTn1i
1389,Slavik,7qzdcfeW7JUQV3RkD4gPfv
1390,Souff,3ywMYRcLXJiqbgUfcJZVbU
1391,THE BOOM,3rj96ybf29aaJsJRg4Qci2
1392,Morrisson,3bn93QEHOITZ4ARuiZdfRA
1393,Monkey Majik,6U2dgcU46Iy9pF3RQBj5hG
1394,Bartofso,5EBNHekbDwV3Q9POxvSMBI
1395,Quinn XCII,3ApUX1o6oSz321MMECyIYd
1396,KUMMER,2TiXt00aPsggbxZxL1RaG7
1397,Miami Yacine,1XKjtpH5P81gpOXDB91IEB
1398,Addison Rae,4gvjmrtzydbMpyJaXUtwvP
1399,Benash,53loJtHWjCG1TyKarW2mzk
1400,Broken Back,4nx8ehrFiCOmWgebUKshDV
1401,Senna Gammour,0273LWgX2nK0wZTlstKHys
1402,Gwen Stefani,4yiQZ8tQPux8cPriYMWUFP
1403,MC Loma e As Gêmeas Lacração,6tdM5Njlln7nWkonCppW0u
1404,Ghetto Phénomène,40fhusTxvAWqq7xKB2rlgf
1405,Diddi Trix,52h6A1y99QgoEf5FzKEHs1
1406,TK,5vnUF9uAL0ly7qw25ERLuC
1407,supercell,4Mc3zbnQx4wRb0tYg7A8sG
1408,Brothers,5XJlnf7mD44GXWHmRGxt0I
1409,PLEUN,5mwcMzXAn2fReGFjXeGGsJ
1410,Naestro,3UP5WnnFrMhewKp7cGeqQx
1411,LA Vision,02qlwM8fpqep7vX8KKEFmK
1412,Dalex,0KPX4Ucy9dk82uj4GpKesn
1413,Luke Bryan,0BvkDsjIUla7X0k6CSWh1I
1414,Leona Lewis,5lKZWd6HiSCLfnDGrq9RAm
1415,Wildstylez,0wr85NuJuAYZsRzP1lJgiV
1416,KAYEF,4hXT6A14n901v8DU5Of337
1417,Rene Karst,3upXQVqKZlTKRES3LQ9VjO
1418,Salmo,3hBQ4zniNdQf1cqqo6hzuW
1419,Ryan Hurd,7lDVEkjIURPMyUYwoQRrpw
1420,SHAUN,72nLe76yBFSlP6VBzME358
1421,THE RAMPAGE from EXILE TRIBE,6E94YMM50nYraxpkixvQuW
1422,Arizona Zervas,0vRvGUQVUjytro0xpb26bs
1423,KNALLER,2ovH0tGdgfnM3OwsuJykd0
1424,Bastille,7EQ0qTo7fWT7DPxmxtSYEc
1425,LANY,49tQo2QULno7gxHutgccqF
1426,The Script,3AQRLZ9PuTAozP28Skbq8V
1427,Alok,0NGAZxHanS9e0iNHpR8f2W
1428,Harris & Ford,4FDj6mh458K7m9Txwyj2rt
1429,The Cranberries,7t0rwkOPGlDPEhaOcVtOt9
1430,Uru,6le80R1opKnTlP4o3KvA2k
1431,Nijo,6Uk3Zz2HjBpOYQOgyzmnNS
1432,Pedro Capó,4QVBYiagIaa6ZGSPMbybpy
1433,Alex & Sierra,58MLl9nC29IXbE4nEtuoP2
1434,Michela,1xoWYqTvsYArxO1Xge3TG4
1435,Bakermat,3MyFDtqB80WZvbtCZRsekM
1436,Moe Phoenix,0o0PoOOyXcmqcyVz8aSdYu
1437,The Fratellis,3M4ThdJR28z9eSMcQHAZ5G
1438,Sukima Switch,0wRzWf3I4lUl9hdFF5uL0m
1439,Celeste,49HlOY4gkHqsYG9GCuhkcc
1440,Alex Rose,2DspEsT7UXGKd2VaaedgG4
1441,Arlissa,7wzaSKTsjE9HnuDuZTX452
1442,Frank Ocean,2h93pZq0e7k5yf4dywlkpM
1443,Dalton Harris,33jj0tW4yX7mnywIwPAtGV
1444,Lunay,47MpMsUfWtgyIIBEFOr4FE
1445,Ali Bumaye,6hMNiBKUQFKpnZ7GTvLVZf
1446,BLØF,0KQX2wRHV2VLjuscfJFNxB
1447,ISK,1HH5TlkjRt2FG8dpkWNm5j
1448,AYLIVA,2rEVnwCPBeGkWMv425KoG1
1449,Nico Santos,3A9B6c1CrSPauiOblw7pWz
1450,Dolly Parton,32vWCbZh0xZ4o9gkz4PsEU
1451,Devin Dawson,2ySHS7UojGu20XfUPaBlyu
1452,KANA-BOON,3PWp9R5HvbQgxI5KBx5kVd
1453,CÉLINE,5ZYOlPpI9FZu2uIPkTB0UA
1454,Blake Shelton,1UTPBmNbXNTittyMJrNkvw
1455,Bad Wolves,0eI3X5rAzHRZVe5FPk4MN1
1456,Sunrise Avenue,1osZFzamKEXNoYk7HzWbDe
1457,Ocean Alley,18lpwfiys4GtdHWNUu9qQr
1458,Madame,1vgQksyJ0IVz8y9XerEOy3
1459,Cor,66wqVYADY665LeMxs8nlk3
1460,Soufian,3Vnl7pKDxagUgRJ3NMtEcE
1461,Thundamentals,7ymhGfvQPQLHU20RovzLMJ
1462,Robinson,38CvLGTsjtoloDgv3OKQp8
1463,Adele,4dpARuHxo51G3z768sgnrY
1464,Diego & Victor Hugo,3k68C6mNMJL6OaAdWeW2ZF
1465,Ali As,5iBlCs0WwiMbr5zO6vPt5G
1466,Sydney Yungins,7pqRrWbKf5yMxy79G3YdKc
1467,Blossoms,22RISwgVJyZu9lpqAcv1F5
1468,Alle Farben,61ipISvUVa5LkJlKZnm3Oo
1469,Nirvana,6olE6TJLqED3rqDCT0FyPh
1470,Takt32,1G7TGDJ01So6i6XNirnVS7
1471,Sea Shanty,0mFdUcqo7TnJNeWxzqqJax
1472,Diaz & Bruno,6FGZPlL2dhssxgQlpb7I7W
1473,Jairzinho,4owt1GWUqAh4gsXT13roop
1474,The Tragically Hip,0YMeriqrS3zgsX24nfY0F0
1475,Eartha Kitt,1AwO9pWEBSBoWdEZu28XDC
1476,Cadet,1Gm0kKaDx4GH6pQF88rjSK
1477,Noizy,2SabhGDiBSyaM6QSuBUVqB
1478,One Bit,7jlMwr0xUcRO1xS6WjkkUT
1479,Riccardo,72IlzE8lIeI5W1C4RTZAGv
1480,Luqe,60DyqM3ZxtTK7M5kIFUDbz
1481,Street Rappers,1iPOay2JCcgNMPvBaPe9Ky
1482,Matt Simons,1g0fXhQMHAxlRyIBkCbuE7
1483,Hanybal,2HdP7fpDiLWAvElYGg75gd
1484,DJ JEEZY,6Ql5ZUhTCAn62skkbRJWCq
1485,YNW Melly,1cNDP5yjU5vjeR8qMf4grg
1486,Fake Pictures,02U68BQCUSYgr9eTBWRHLK
1487,Zefanio,7KcUsF4LyLu0SIhmwvNSmM
1488,Jin Akanishi,5gSFxPK5Te7WRIKL5CEWos
1489,Numidia,3OMZaRPVE5OI1IkDbZFBFU
1490,Hayden James,4csQIMQm6vI2A2SCVDuM2z
1491,The White Stripes,4F84IBURUo98rz4r61KF70
1492,Joshua Bassett,4VdV2qRAYBLINR6uU72V1J
1493,Freschta Akbarzada,3Xe69Zmna6TRo8hr5tyoVS
1494,Belly,0FOWNUFHPnMy0vOw1siGqi
1495,Eric Church,2IvkS5MXK0vPGnwyJsrEyV
1496,Jane XØ,5keDbKEPwrbe36cPzRpzsK
1497,Residente,5GcWBUX00IPuWVGMIRK1sS
1498,Owl City,07QEuhtrNmmZ0zEcqE9SF6
1499,100 Blaze,0JxUh8qDlG3xflSV9Of500
1500,France Gall,22HVxZPA6UhBp8wahxDA6I
1501,Shakka,7fqDRFkiuwzFDde1K0taVs
1502,Parcels,3oKRxpszQKUjjaHz388fVA
1503,"Grover Washington, Jr.",05YVYeV4HxYp5rrWalvuE1
1504,M.I.A.,0QJIPDAEDILuo8AIq3pMuU
1505,Jiri11,6RxMqY900Xpza3Kh9j86Mn
1506,Zay Hilfigerrr,7nKeLE1toRtW4M279iS26h
1507,Måneskin,0lAWpj5szCSwM4rUMHYmrr
1508,Trío Los Josefinos,67mFhErdTWmJ9slGMC6vOf
1509,"The Cast of RuPaul's Drag Race UK, Season 2",5B8MzBYbmhTUA47z1mJFMs
1510,SANARI,16E27V4q0TPZXIriwMYTWV
1511,Bryce,217j97zjNxym24pro7QJxM
1512,Jerome,4xcDVatLFh6qlcm41er3LV
1513,Mike Oldfield,562Od3CffWedyz2BbeYWVn
1514,Charlie Puth,6VuMaDnrHyPL1p4EHjYLi7
1515,Shaggy,5EvFsr3kj42KNv97ZEnqij
1516,Dry,5h0VUGq3Pn45E3rcz9oe66
1517,Matthew Wilder,3bmFPbLMiLxtR9tFrTcKcP
1518,Wizzard,7823Dim2TzjiQQ9wRQxyi9
1519,Michael Patrick Kelly,4OGiMt96TFUKkKWf7Imlno
1520,Milano,4Jd9XCHzRXTB7ZPPVzJoUm
1521,Nicky Jam,1SupJlEpv7RS2tPNRaHViT
1522,Ryan Blyth,2bno8n7e57sY3zRQw03YoV
1523,Haftbefehl,6ynopZPMBXcIGBI9M02Un5
1524,Bryan Mg,1PyToLP6F2rzV0ZSR71lgl
1525,Brett Eldredge,0qSX3s5pJnAlSsgsCne8Cz
1526,BRELAND,0C86lmpnwiyLDUiyo4d0P1
1527,"Earth, Wind & Fire",4QQgXkCYTt3BlENzhyNETg
1528,Shoreline Mafia,4tYSBptyGeVyZsk8JC4JHZ
1529,Charlie Cunningham,78CiW0UJbHspFaVuVexOK6
1530,Sara Kays,7Lk9V7E1u5gqSHmtcKlOqH
1531,Jhené Aiko,5ZS223C6JyBfXasXxrRqOk
1532,Manuel Turizo,0tmwSHipWxN12fsoLcFU3B
1533,Kyary Pamyu Pamyu,7Gh6fW49xfXLP8DTWaLVJP
1534,Népal,1E8w172gkuT5htpwaIEsEl
1535,Ano,5Azjcil94cSjssZgE0IKDe
1536,Hans Teeuwen,7HHVKYQo7uk2347GOmPoPD
1537,SHE'S,6TNooB9HDJ9Xs1GFPl2Fiv
1538,Edin,7jkdo74SDT1PYu6Ksbusxa
1539,DigDat,47rT8CoKTbr0S945AGgATQ
1540,Deen Burbigo,2OTfhbxhBO1u1bAuCy6ouu
1541,2Pac,1ZwdS5xdxEREPySFridCfh
1542,Steel Banglez,6k970rXaWAWVfWMjqWtFNI
1543,Therapie TAXI,5MynxBz4ZMqvUzpcxTZl4C
1544,MC Solaar,3nU8TSIICYDbUqRpJISTRE
1545,Hös Copperfield,4fn6Kez1kGOO74vNuKrvCU
1546,Tainy,0GM7qgcRCORpGnfcN2tCiB
1547,Amy Macdonald,1hJuGCUpefX24GFmss9bjH
1548,X1,6C4irZ60X8G7UimMRQiCcg
1549,Gotye,2AsusXITU8P25dlRNhcAbG
1550,Hailee Steinfeld,5p7f24Rk5HkUZsaS3BLG5F
1551,Two Door Cinema Club,536BYVgOnRky0xjsPT96zl
1552,BRS Kash,5jJjvmEwRr8epuGZq4eUUa
1553,Jandro,7hofCdl9njgv82JjU0HPwI
1554,Christian Hudson,49m0B4E59KYnTHckGDleUv
1555,Carmouflage Rose,31h66YPpyZlmecPqCaeS4H
1556,D-Rashid,3BAbtGcpq9F6a7TJyw9krT
1557,Alicia Awa,7mYMOwpduul48upxZCfFBS
1558,Kelsea Ballerini,3RqBeV12Tt7A8xH3zBDDUF
1559,MiC LOWRY,0AJUYWKztkg5dnrHDIBv47
1560,MAX,1bqxdqvUtPWZri43cKHac8
1561,Grey,4lDBihdpMlOalxy1jkUbPl
1562,Fred again..,4oLeXFyACqeem2VImYeBFe
1563,aespa,6YVMFz59CuY7ngCxTxjpxE
1564,Rémy,1rT9J8vtPCzEKL7oGntxnr
1565,Peter Manos,4K9aclpXgCPNFGEqRlFPal
1566,London On Da Track,5Nf5yishRW9Ye174sJISkg
1567,Inez,2sGGaKKex7GgNlH1DRXZSa
1568,Jordymone9,60gg31QLbNuGwl12YPBAUK
1569,Lune,3pMYJHAY5ErzmJQVWb8VX6
1570,dvsn,7e1ICztHM2Sc4JNLxeMXYl
1571,AURORA,1WgXqy2Dd70QQOU7Ay074N
1572,91 All Stars,2NXFKDjgSuIyiUUH2PEVHG
1573,Henrique & Juliano,3p7PcrEHaaKLJnPUGOtRlT
1574,UB40,69MEO1AADKg1IZrq2XLzo5
1575,Gnarls Barkley,5SbkVQYYzlw1kte75QIabH
1576,Black Saint,7JMPwFdbHhPe46HDJXKhA5
1577,Bob Marley & The Wailers,2QsynagSdAqZj3U9HgDzjD
1578,Beginner,4XkhEirR2JZT4fncyOxxtf
1579,Karel Svoboda,3iaVXonnnlGLW3BHz1BDER
1580,Kodes,3fnfvu19t4JYyEkRldXsO5
1581,Céline Dion,4S9EykWXhStSc15wEx8QFK
1582,Belly Squad,1EWnP7piatUeXggTXofm5g
1583,Lirical,2H0j2bWQRjJWzcGIjnl7nX
1584,Geko,5vfmmb3UHpuQWJ55JP9slk
1585,Sigurd Barrett,6EN9iGovybDcQZ2NtsqMFd
1586,Myke Towers,7iK8PXO48WeuP03g8YR51W
1587,LPB Poody,0wHeZY93Ede0g1jXaWsiFS
1588,Jawsh 685,56mfhUDKa1vec6rSLZV5Eg
1589,Gambino,5Wf0eeUkR6rRAre6L7H7jW
1590,5 After Midnight,3x9IfYx4a2FPsxqrTV5FgP
1591,Mr. Polska,1A6HQzOvtGaCYihOuIKjE6
1592,ReN,22wa94PJF9zyFJMTp2BYus
1593,Mumford & Sons,3gd8FJtBJtkRxdfbTu19U2
1594,Dj Kass,431Pb5EV8KsCBGTw96ZTQ4
1595,DUSTY LOCANE,22hWz22JAmIhIEp0u1X01L
1596,88GLAM,2I9SLklAOG0vdMiUUMNxRl
1597,Sheck Wes,2RDOrhPqAM4jzTRCEb19qX
1598,Kid Cudi,0fA0VVWsXO9YnASrzqfmYu
1599,Sub Urban,7gXb99Sf9nNmpNYeAgIQFG
1600,MARINA,6CwfuxIqcltXDGjfZsMd9A
1601,Phil The Beat,35pKZ36ma78w8aE467fRO9
1602,Trey Lewis,15tTVhFpH8EFXeDgO9xkRO
1603,Meg Mac,4faUajx9k93O56nlmpkOuz
1604,Danny Vera,1bObiFZkYu7IfzxVlAVj5x
1605,Inoffiziell.Goldenboy,4AScySQVdebovwUwTVWzhN
1606,Berry Goodman,4PFC7IPuGWwwYQUuuvSnrw
1607,Professor Green,0oJM3iJjMdzgsd4z5VHQvw
1608,JC Stewart,2TAqN8fwfaKauvviN4pOsv
1609,Unknown T,3iAhNz3e31lBuXYOsqGsf3
1610,Luis Fonsi,4V8Sr092TqfHkfAA5fXXqG
1611,Kofs,5RaQ9nmVGoTye2SI76x3yw
1612,Giant Rooks,5wD0owYApRtYmjPWavWKvb
1613,Wretch 32,0T2sGLJKge2eaFmZJxX7sq
1614,Slipknot,05fG473iIaoy82BF1aGhL8
1615,CNCO,0eecdvMrqBftK0M1VKhaF4
1616,Saweetie,6cK3NBO6uP7hh0oyuVELFl
1617,Baka Not Nice,3yvCFkK57FXH7JIwZQ5CmU
1618,Stefflon Don,2ExGrw6XpbtUAJHTLtUXUD
1619,Ant Saunders,4jpsw9CQS439N0B7SecMgf
1620,HVME,2o08sCWF5yyo2G4DCiT7T9
1621,Freddy Moreira,2CU1lH3DaaajH9Cm2S2tPk
1622,RONDÉ,4hj9dun9KpnBukLv7Hgfkr
1623,Stupeflip,7qiRNP9z0FhN63YcLmb8Ai
1624,Nahir,3x3gsBtmPOSQVqdBzO7N5E
1625,Biffy Clyro,1km0R7wy712AzLkA1WjKET
1626,Selmon,0hKUUP3J5Dc69cQur3U2nV
1627,Comethazine,1iJdyDcY98X3GMnUesl7tf
1628,Nona,5aGfasfrnULFuSZ3ElXkHb
1629,Awich,0FnDCrmcQT8qz5TEsZIYw5
1630,Estelle,5T0MSzX9RC5NA6gAI6irSn
1631,Jermaine Niffer,2kN7bQzdCZkSBYhzF6k5lY
1632,Sierra Kidd,0U7ti3mwGrBNlKNE4YlbfT
1633,Chris Jedi,0qTZZWLzuD59Un5r1speHm
1634,Jennifer Lopez,2DlGxzQSjYe5N6G9nkYghR
1635,Eleni Foureira,39E15l8zeCDYpSZwFNX4G2
1636,Reol,7rpKUJ0AnklJ8q9nIPVSpZ
1637,The Platters,6KWcxMWVNVIYbdOQyJtsSy
1638,TOTO,0PFtn5NtBbbUNbU9EAmIWF
1639,Gabby Barrett,6Iz3eq2aQGFf7TbGT2iahL
1640,BENEE,0Cp8WN4V8Tu4QJQwCN5Md4
1641,King Von,6QtgPSJPSzcnn7dPZ4VINp
1642,Little Big Town,3CygdxquGHurS7f9LjNLkv
1643,MONGOL800,2zUQjYvy0TevSi4d3PjqQO
1644,DAOKO,5Qeyh2XKoITt1mlEVtzazC
1645,HAEVN,65Tmt9uAPTYGl1ZhsOeEJ6
1646,Payy,5p4B4WSKIGvSfhc90GMxw9
1647,Jessica Mauboy,6rHWAH6F4mr2AViSxMV673
1648,Chara,2v3eFzDOUnyWP1drW2dPTp
1649,Lord Huron,6ltzsmQQbmdoHHbLZ4ZN25
1650,Popcaan,62DmErcU7dqZbJaDqwsqzR
1651,Flower,0VPLGnexd8K6BGbpLiPPVj
1652,Emms,2AkaK2DXdBUWYjpwOHoKs2
1653,DISH//,0jJmZHZHNe8n24Y33z5Nil
1654,Gio Swikker,5Fj0r4TgtwdppZWzMiDzVE
1655,M-22,4WFtYn5RyU8VGPpPyW9Pxw
1656,Erica Banks,2SXhbucehn00OBVKhzxDyM
1657,Gene Autry,5ixB75BQR3ADoWQkcHQJTs
1658,John Travolta,4hKkEHkaqCsyxNxXEsszVH
1659,Opgeblazen,1wLKrslSkMPt0GjK2PFQng
1660,Joost,6s5ubAp65wXoTZefE01RNR
1661,Bob Dylan,74ASZWbe4lXaubB36ztrGX
1662,Miliyah,29D4iRqjepAsZt6o5hccND
1663,Basada,1kfVCpUQ55hMpU7w3BwvYW
1664,KREAM,0DdDnziut7wOo6cAYWVZC5
1665,Ratu$,7m3gqqtxB5FGXBFmOkR8Sf
1666,Kent Jones,3jHBxvZ9gbBkZ17wKUqVsO
1667,John Lennon,4x1nvY2FN8jxqAFA0DA02H
1668,Ikimonogakari,5YneEA2nLtAhkD5t2769lZ
1669,Drunken Masters,0cUMeX7DFLIvLy0q8uqp6q
1670,DJ Ivis,0RPzmE1iY76tx1eBBXFyYn
1671,Arcadian,6AsX53NZ0rVrVnlKLy1KvR
1672,Wulf,134sCDSe1w2zPnfCG4hT0f
1673,Kinokoteikoku,61H9d7hbIfFNxJJQmIL9AJ
1674,Empire of the Sun,67hb7towEyKvt5Z8Bx306c
1675,Beck,3vbKDsSS70ZX9D2OcvbZmS
1676,Eric Saade,4zGH6gaO4NohcfCXZ31bQG
1677,Joé Dwèt Filé,26zgIfFyTCImkHAp5gwKW8
1678,L'Allemand,3BX2N7cc1OrBUJQiiei3On
1679,Priceless,2408j875K0AESndCiOw5UO
1680,KICK THE CAN CREW,5MRAExqyhUPkktT9yWNvIe
1681,Rolf Sanchez,3R6VoMjUANEP9wb7fRNXws
1682,ToTheMoon,20ZUOewlSW8L3sAvhZEd9m
1683,Vince Guaraldi Trio,4ytkhMSAnrDP8XzRNlw9FS
1684,Winston Surfshirt,61HS7DjYDQIkKSeGvpqmJh
1685,Matheus & Kauan,2Z0lRIqr997lIUiPtrpKCr
1686,Nause,4PVn1b2WnnXdq80C7uaZLZ
1687,Sleepy Hallow,6EPlBSH2RSiettczlz7ihV
1688,Afro Bros,3wtMPMvPtiFylbnNXF6CAj
1689,Noriel,3RtNN1VnooWEn3KQk03DUL
1690,Kita Alexander,3CGuwWgoCYSO5Z72H5G2Ec
1691,Big Boi,2ht3wxeT69CzyKFChNnNAB
1692,Triple One,686zrKch7tQIpoOpdSIpTo
1693,Noah Cyrus,55fhWPvDiMpLnE4ZzNXZyW
1694,Pusha T,0ONHkAv9pCAFxb0zJwDNTy
1695,Mario Cash,1NmZEnCbCyf1O1bkTXZhDB
1696,Taio Cruz,6MF9fzBmfXghAz953czmBC
1697,Mike Perry,6lB8vOoI4DRrrVxXwuV19c
1698,KHEA,4m6ubhNsdwF4psNf3R8kwR
1699,Sunnery James & Ryan Marciano,7kABWMhjA5GIl9PBEasBPt
1700,Curtis Waters,2JbE7jUIGtpXSzytnyMg6U
1701,Julie Bergan,2Tg0aF5cbZktYFzgR1iAKv
1702,Kazuyoshi Saito,7sl3PZyhzAqUpL3M6WVD8G
1703,BROCKHAMPTON,1Bl6wpkWCQ4KVgnASpvzzA
1704,Willem,0QuIRxRWYAl4oRHSQYCYds
1705,Yade Lauren,2YkP9pfIZ6hJKeuppuz8qT
1706,Chucho Flash,5pkJj3IFFJBgzNYJsGR57Y
1707,Danny Ocean,5H1nN1SzW0qNeUEZvuXjAj
1708,Lights,5pdyjBIaY5o1yOyexGIUc6
1709,Frank Sinatra,1Mxqyy3pSjf8kZZL4QVxS0
1710,SHISHAMO,6MGHit7sV38BhpChZYByFv
1711,GLK,3dH7pcBScIJQboDyMzUzez
1712,Keen' V,5iZMWWLoDJH1u6Ru2rOEsd
1713,Qucee,48vBSuFP0e3sObT3huTdur
1714,Ilinca,64PgkSM1uDD9BJEg0UkMMM
1715,DJ Wale,4gTsaC1OX5plDemue2uZHn
1716,BØRNS,1KP6TWI40m7p3QBTU6u2xo
1717,Malu,3fll16LLw6kdDxWzSpJPEQ
1718,Twenty★Twenty,5I6N6mTH10rgpyoqCc3TRW
1719,BIGBANG,4Kxlr1PRlDKEB0ekOCyHgX
1720,Marília Mendonça,1yR65psqiazQpeM79CcGh8
1721,Puri,3ADyFy1orEwODaiHmRRMQp
1722,Marvin Gaye,3koiLjNrgRTNbOwViDipeA
1723,The Strumbellas,6ujr1NkqbZpYOhquczUUfl
1724,ZieZie,26XzvosH2cl8Re6KSo9m8Z
1725,Mason Ramsey,6xvpfMjWTougrRRtK7iikz
1726,ZHU,28j8lBWDdDSHSSt5oPlsX2
1727,Luke Christopher,787bCXOIvGeBw0Bc4kEjhD
1728,Mudi,1tnX93BHWyMdBSLhwAzo1j
1729,KIDS SEE GHOSTS,2hPgGN4uhvXAxiXQBIXOmE
1730,Amenazzy,6kq4GHwUcUojGIu0ziSNXf
1731,Da-iCE,71UIOLnsacxQHlU55TvfiH
1732,Shakin' Stevens,0wi4yTYlGtEnbGo4ltZTib
1733,Koosen,12nEr6QOfSKkiTXjEp8tBB
1734,Steve Aoki,77AiFEVeAVj2ORpC85QVJs
1735,Squeezie,0xECfhlRzRRIIe2Co5HX6n
1736,Os Barões Da Pisadinha,5Lv2GUVwqmQBPwrTrxucE5
1737,Alesso,4AVFqumd2ogHFlRbKIjp1t
1738,JAE5,3NbqBIc16CNAe5nYSmHR3p
1739,SUPER-Hi,2lJ6K4PTrrweXhRiqh1CZE
1740,ROSALÍA,7ltDVBr6mKbRvohxheJ9h1
1741,Blanco Brown,3yzRiNMZdTsSUgplcyYZ4i
1742,Nothing But Thieves,1kDGbuxWknIKx4FlgWxiSp
1743,Emily Roberts,3RBqLTttwN1orqQozYfmJo
1744,YFN Lucci,5Berubt6ysOy2LCMyqhmXP
1745,Kpoint,3ABLHSKKZzNcgpBuXvLB9W
1746,Dean Martin,49e4v89VmlDcFCMyDv9wQ9
1747,Acda en de Munnik,040Fqhc0l7a4MPeDx6cneh
1748,N.E.R.D,5wPoxI5si3eJsYYwyXV4Wi
1749,Denzel Curry,6fxyWrfmjcbj5d12gXeiNV
1750,Baccara,4dn4KQgTE4P3jrwa3iIVzQ
1751,102 Boyz,78TTCmh2koperK5NBn7DgR
1752,Defano Holwijn,5pGeI9pmfUEoHGn9w3NjqM
1753,Kanoé,7jUHzlUQxkrsszeYAIqHCY
1754,Rea Garvey,0bmxU94V20pNJ2Vie9kFYv
1755,Sun Diego,3TqfPVt0HX8GCzNOOjDcum
1756,Darius & Finlay,1w67D3PakcxjYGt6xPnnke
1757,Sipo,1vLew3o8JIJ9XTCRkOCCbb
1758,Israel & Rodolffo,41QLxRXlc2NwfJZkHGHKid
1759,Master KG,523y9KSneKh6APd1hKxLuF
1760,Gera MX,2hejA1Dkf8v8R0koF44FvW
1761,Massari,0Jzbm3ifxDNLxxS8M4BS51
1762,Toshinobu Kubota,45JvI0rkPkFFL14Cj0eput
1763,HK,0dK1wy5v9DDEnhndvlX8Il
1764,Tobi & Manny,50y1BeMwfz8MCB3YfH9qoj
1765,LUCKY TAPES,7tyrh2CwSnilzMD8olQxcx
1766,Yabai T-Shirts Yasan,3GP0RQRnBvpYVgdVYfcaGS
1767,Robbie Williams,2HcwFjNelS49kFbfvMxQYw
1768,Alpa Gun,6nHDuiu6PIpfWt6DswQHvL
1769,KIKESA,3U0pUvFUMv6gJiTFnXiueY
1770,Jorge & Mateus,1elUiq4X7pxej6FRlrEzjM
1771,Outkast,1G9G7WwrXka3Z1r7aIDjI7
1772,あれくん,7voEy17zvlQojgmQYUlKDK
1773,Louis Armstrong,19eLuQmk9aCobbVDHc6eek
1774,Allie X,0wnYgCeP013HkKoOyC5V32
1775,The Neighbourhood,77SW9BnxLY8rJ0RciFqkHh
1776,ayaka,22FsmLO3ZyvgWBy5QbfcQi
1777,hachi,6ptdMFoqgQZRoccAYK9Opd
1778,Dave Roelvink,0awqQLsNMZU3cFOVYKzFoe
1779,にしな,2aoUBwmHWln0JSEZbi9E70
1780,Rachel Platten,3QLIkT4rD2FMusaqmkepbq
1781,Electric Light Orchestra,7jefIIksOi1EazgRTfW2Pk
1782,Nathan Dawe,2gduEC76ry33RVurAvT05p
1783,Banda MS de Sergio Lizárraga,2C6i0I5RiGzDKN9IAF8reh
1784,Faroon,697ZbUKLJSEWWhtayAGxBY
1785,Kylie Minogue,4RVnAU35WRWra6OZ3CbbMA
1786,Teske,61QvEH9Rei0nuhI0vZ5m5V
1787,Porky Slim,4ohRzp7ZzPQi3PzCiBrDAm
1788,Macaroni Empitsu,1t17z3vfuc82cxSDMrvryJ
1789,Hava,3Mn6d673ieRza7uw6zY2Zv
1790,Dendemann,2wm5YtIlq0Spe9rDGGTVkF
1791,Natti Natasha,1GDbiv3spRmZ1XdM1jQbT7
1792,Prinz Pi,3OYM3jjPVR60kOqmamRRgk
1793,Alison Wonderland,11gWrKZMBsGQWmobv3oNfW
1794,Phil Spector,3jVMgT4X7YeuYE4aludcmE
1795,PON CHO,2NYOggWBPKbqdEYs7jUr1n
1796,Poke,0hgX6slgQFj1QpjpKHbcK1
1797,A夏目,2HUc3XMRhQi0UBcSGGa0mH
1798,Dinor rdt,3RJNCnIkqvVwEicgGo2nqJ
1799,Ryota Fujimaki,7r3FkquAY1tv1roZs3unJ1
1800,Lake Malawi,4UXTIkBW9t9Lcx3xtlaifs
1801,QUEEN BEE,6whFEcaV75AmQMiwlfaxvc
1802,Glades,14rP13jdQNgQvuPA2AkBgm
1803,Tamta,0VGybH10ziMPo99SYOwMoQ
1804,SOUTHERN ALL STARS and ALL STARS,5xHiqKMssUQBxJA9jvvtsz
1805,Theory of a Deadman,74eX4C98E4FCrAMl39qRsJ
1806,ASIAN KUNG-FU GENERATION,0MK8l3nURwwQIjafvXoJJt
1807,Lamme Frans,3VTVxM9FFSMMrnO3nOh9Si
1808,K/DA,4gOc8TsQed9eqnqJct2c5v
1809,Vinchenzo,6Jc18GpeJVDe3HWhfrQ0Bu
1810,Brave Girls,7t5H3uQv0Zw6cQUnSTF5BB
1811,Nuka,1XynjLPAyPi8SZAx8LHN0Z
1812,Pitbull,0TnOYISbd1XYRBk9myaseg
1813,Mozzik,1pkDzgHvVqC17qYGKfLPpb
1814,OG3NE,1SiCF4gVjnR5iAIwk1nkXo
1815,Jeangu Macrooy,3t9HafA5eFHM992s4GZ0Gr
1816,I.O.I,6RKnXXyprPjhBdCvL802Ku
1817,MAN WITH A MISSION,3NTbOmzlj2cL86XFuDVFvZ
1818,Tony Bennett,2lolQgalUvZDfp5vvVtTYV
1819,Dabs,0VF7XcB73fBSIfX9hOTVij
1820,Maan On The Moon,4PLW5IBf0PSZuXcIPF6tOo
1821,Johnny Sellah,0INETKNJYPVfrzAnOuo9H4
1822,Hp Boyz,0JlQaGJZfrqYeZG1AQICxp
1823,a-ha,2jzc5TC5TVFLXQlBNiIUzE
1824,Sigma,01pKrlgPJhm5dB4lneYAqS
1825,SosMula,7fFfPSHnrplQpezV79CFYc
1826,たかやん,79JgYJHiBUZcvYqOC5Zufn
1827,FRENSHIP,7xEFii6utZmQ61kX59HmLH
1828,Polo & Pan,45yEuthJ9yq1rNXAOpBnqM
1829,Becky G,4obzFoKoKRHIphyHzJ35G3
1830,Everybody Loves an Outlaw,5RCWMaArEntbkeWYVxCiFW
1831,JY,6wFFL0w3vmdIwUWRlQIerD
1832,One Acen,16plk1BhihSieDutGFbLt8
1833,SLUMBERJACK,55BFQS36sJYz2B0ClypIvS
1834,Ivana Santacruz,1cAU5q0s8zKdMTNAZ8CJht
1835,Guaynaa,0BqURncJM5B1BBu7UM51eq
1836,Social House,5UjifI1TYefXWn9GdqDOHl
1837,Skye,0sHIsJteyLhBYwKgF3Vfg2
1838,Yumi Arai,5W7F9IM2vsR9EDCk5T2Uqz
1839,Kenny Chesney,3grHWM9bx2E9vwJCdlRv9O
1840,Scott Storch,4hadtPX6kKntrnA87Zdy01
1841,Jason Aldean,3FfvYsEGaIb52QPXhg4DcH
1842,Don Omar,33ScadVnbm2X8kkUqOkC6Z
1843,Jamie Lawson,1jhdZdzOd4TJLAHqQdkUND
1844,DNCE,6T5tfhQCknKG4UnH90qGnz
1845,CHIAKI SATO,7fD1pCIsnPsUt6mHizHGnt
1846,DripReport,3O5HD95HTEPgoPFOjAb7yV
1847,BU$HI,2GIoAorOnT0Yp1jKyTzW7K
1848,Rasskulz,6EG4aueDmBQiVMPfTDku3v
1849,Sons Of Zion,0PK0Dx3s9et0Uf4XbdFpiW
1850,Bee Gees,1LZEQNv7sE11VDY3SdxQeN
1851,Regard,4ofCBoyEiGSePFAG500xev
1852,Kojo Funds,2o9hRZ3xI27UQpHT61A4Mm
1853,Shiva,2K5nCggbhSZ00YCYP5qkZS
1854,ROSÉ,3eVa5w3URK5duf6eyVDbu9
1855,Noriyuki Makihara,3vVDusnDA0LcPH3NvZpoyM
1856,Marian Hill,1xHQO9GJIW9OXHxGBISYc5
1857,Willy William,4RSyJzf7ef6Iu2rnLdabNq
1858,Seyed,5iJuniDT0LFzXnMoLI1YFV
1859,Mahmood,06nvjg4wBANK6DCHjqtPNd
1860,J.I the Prince of N.Y,2eqoJbzUGDwys5ENUkbT3h
1861,Pentatonix,26AHtbjWKiwYzsoGoUZq53
1862,ElyOtto,4b19vuzlDcNdU4quI7L6sW
1863,HEDIA,5xkGo7aA8kqDm5tKGl1rIw
1864,BANNERS,4qWnlmXWuGv2TtuxtIWlJX
1865,Emiko Suzuki,76epfImetf9M3joFnNTrlJ
1866,WizKid,3tVQdUvClmAT7URs9V3rsp
1867,Potter Payper,7bZpYWk0ZZN7CkOeXbAY0Z
1868,Vallis Alps,7qhWa7UI1QNZNDnzYwAYZm
1869,CHAI,0NZsNnETGPWLKJj2Y0vpBx
1870,The Kingdom Choir,3OZZeMIZnTvQKjfQEEqx6C
1871,Enima,47cHAE0NFwzGOlc3L4oszT
1872,Oualid,60tsxRkHtGIlk3IW8U8O2y
1873,JP Saxe,66W9LaWS0DPdL7Sz8iYGYe
1874,Eve,58oPVy7oihAEXE0Ott6JOf
1875,Nelly Furtado,2jw70GZXlAI8QzWeY2bgRc
1876,Chinozo,205dGSmCjnFA0Mjptshdsx
1877,globe,5O6t6gb6MeNqzOBAq1oLad
1878,ZONE,5kYS7bPX5tm3jrsYqqNSZN
1879,MISIA feat. HIDE,440i47t0PPUtX14sWXqRAl
1880,Tom Zanetti,73Msd8rknjBghcGQiZ1mgh
1881,Sam Fischer,6L1XC7NrmgWRlwAeLJvVtA
1882,Milan Knol,3QPrW2AxSYf8F6cSqPceLZ
1883,2ara,3M3YacInf0UubKD2n20Oib
1884,DJ Sem,6RXNoNfqGTqlCIwAvzo4Xp
1885,Pjotr,0gRFVzEkjFmFifMlqVlTta
1886,X JAPAN,4VrqQQy6X0hlMtqY5gp6Wx
1887,Genie High,1NdpjvRYsY6cwAVX9YWzAB
1888,Mortel,15N4o2rfEABILEVPXZIlo1
1889,01099,3Z3aTg9PwJ37e8xeO0aUC9
1890,Clueso,0iFq8SzyZaaQ2Fn6CLDxqW
1891,Bankrol Hayden,0Yr4BBpK2dkCp2UsrJ9LZN
1892,Eito,32QmJ5obSke8YKDbQvVPUx
1893,Kome Kome Club,5lTGqFmlTng9jPrs7c2dRA
1894,Daði Freyr,3Hb64DQZIhDCgyHKrzBXOL
1895,Neon Trees,0RpddSzUHfncUWNJXKOsjy
1896,Juicy J,5gCRApTajqwbnHHPbr2Fpi
1897,DJ Hamida,4xTiWBThjZgo1uZn1WpZm3
1898,Jerra,0fRvb5TzYdVo4qEUMWPaFu
1899,ReoNa,2SIBY7Jwq1kYng12Zguo3C
1900,Jeezy,4yBK75WVCQXej1p04GWqxH
1901,De Fellas,2TgfGXSqjJI3Neg2lNeptE
1902,SJUR,1X6dfPmF8f5C5EW3WIGfvm
1903,Passenger,0gadJ2b9A4SKsB1RFkBb66
1904,Luv Resval,5l8WyvJ50fdSghK2ySNq1y
1905,Joe Buck,66ko2UINS5X1TRK48kdsyh
1906,Amel Bent,15jZ8OLtnGATWHlQkltG7f
1907,ChocQuibTown,6tkyhGe9hGI3Lcfo4gVh6Z
1908,Márcia Fellipe,3OxZ4asD88P1lJJmLcXz4K
1909,Jozo,45eUXWgwkv92uAk1KQFI6D
1910,ORANGE RANGE,4upiYMjsFfLRieGo8RVRzD
1911,Ghetts,7zJL978NtANOysfGY21ty6
1912,The Strokes,0epOFNiUfyON9EYx7Tpr6V
1913,Milly,7kXCcNRLEnblbTAppPraBp
1914,Luther Vandross,19y5MFBH7gohEdGwKM7QsP
1915,Ashe,6P5NO5hzJbuOqSdyPB7SJM
1916,Daddy Cool,5ht2HGrvbN9eDWJarHsou6
1917,Big Shaq,7mnAzEmgquhrVtGob81SmO
1918,Hugo & Guilherme,1LIuN7ov1IBQDdLsU83ojl
1919,B-Brave,6m9HyOTTtMQ8fFrLeJyuNV
1920,Charles Aznavour,2hgP9Ap2tc10R5jrQaEpMT
1921,Wafia,0FL2d6iFFNAV3yBUbXjZ1U
1922,Russell Dickerson,1E2AEtxaFaJtH0lO7kgNKw
1923,Ronan Keating,3nlHsNqwCSvT988ZfSW1Yh
1924,Karl Wolf,1aVH8BgQhW8TT5hgNGwLc7
1925,Perry Como,5v8jlSmAQfrkTjAlpUfWtu
1926,Bonobo,0cmWgDlu9CwTgxPhf403hb
1927,OFFAIAH,2E1NFr5AeEGUJkLUUsWCAO
1928,Elijah Woods x Jamie Fine,0UARksVKrwd1Gwdeq3Mes1
1929,Melanie Martinez,63yrD80RY3RNEM2YDpUpO8
1930,Chuck Berry,293zczrfYafIItmnmM3coR
1931,Lucky Rose,5ShkaitLUorYdZgJMqTF5E
1932,Mathea,3r5Kc95Oz8lDc8BL9ChO7n
1933,Powderfinger,6LBCQo20ri3tsvbsWWLmr6
1934,Unité,6NxJhQxcEAxCdfxXt4ScMt
1935,John Legend,5y2Xq6xcjJb2jVM54GHK3t
1936,BABYMETAL,630wzNP2OL7fl4Xl0GnMWq
1937,Stereoact,6dXL3SnQlCGX9LCUAyin6a
1938,Martin Jensen,4ehtJnVumNf6xzSCDk8aLB
1939,Zé Neto & Cristiano,487N2T9nIPEHrlTZLL3SQs
1940,Die Fantastischen Vier,748dDObrUoBetes0pLj788
1941,Stevie Wonder,7guDJrEfX3qb6FEbdPA5qi
1942,Boney M.,54R6Y0I7jGUCveDTtI21nb
1943,Alec Benjamin,5IH6FPUwQTxPSXurCrcIov
1944,Bollebof,6efCQuDQBuyuv2Mx3OExdV
1945,Feis,7EiPZFDrVMi9MjYXP4l8Jc
1946,Roy Woods,7mDU6nMUJnOSY2Hkjz5oqM
1947,TOMORROW X TOGETHER,0ghlgldX5Dd6720Q3qFyQB
1948,Trevor Daniel,7uaIm6Pw7xplS8Dy06V6pT
1949,H.E.R.,3Y7RZ31TRPVadSFVy1o8os
1950,WSTRN,5nSAh3wlH7VaqpnkiMjzDs
1951,State of Sound,05o1zW8b6PV6rEquXr74sB
1952,Nafthaly Ramona,7LSenG6ZaZyQGNNQSIRNTf
1953,Paul Sinha,0Uev3WqwkRc17NqfsvVv4K
1954,Miniminter,4MTNXrn0TAHwVwhYNeZjkF
1955,Dio,2Np3tBLhkFCcJPun4KhrDQ
1956,Kim Churchill,0ZmJRBCKYicwq9n4FjZpho
1957,David Campbell,6tUwA7Nt6EoMLy48nNVrgq
1958,Cub Sport,6vqMDhoigg5btfdPsPTVFt
1959,Key Largo,4LuLF5H9fe5ViyDQb9Zxmt
1960,Jhay Cortez,0EFisYRi20PTADoJrifHrz
1961,Whitney Houston,6XpaIBNiVzIetEPCWDvAFP
1962,Dizzee Rascal,0gusqTJKxtU1UTmNRMHZcv
1963,Def Tech,7CifQjntMwkU4kfV85zTnS
1964,Grand Corps Malade,3PsyPWjsftbfeXGorZv4AM
1965,Smily,6uz6yX6ZXG4XWprCf3ukx2
1966,Gesaffelstein,3hteYQFiMFbJY7wS0xDymP
1967,Carnage,1LT6lzo7SDEkWVEQ13Xkhz
1968,04 Limited Sazabys,6Gem5Nh6gd9PCtWdzR7Odh
1969,Marc Anthony,4wLXwxDeWQ8mtUIRPxGiD6
1970,JENNIE,250b0Wlc5Vk0CoUsaCY84M
1971,Chatmonchy,0GtBUVp1cWdIUKwm2GHTHc
1972,Quessswho,4Q23rm8jYyd2ft6Cm1MhwJ
1973,MC Kevin o Chris,2UMj7NCbuqy1yUZmiSYGjJ
1974,Keala Settle,7HV2RI2qNug4EcQqLbCAKS
1975,Sueco,4iDroUFo89Y7YBsdDTBmTD
1976,JUJU,5VLVogbPeBgFHXQPZQzBej
1977,オレンジスパイニクラブ,1wJL6nbdvPwqPYuoqiw5aN
1978,LU BACH,1sFgBsBreFyC40aJNWg2QX
1979,Reik,0vR2qb8m9WHeZ5ByCbimq2
1980,K-Fly,4jDdEv3oafVcJfrywVDi4p
1981,Mustard,0YinUQ50QDB7ZxSCLyQ40k
1982,Chip Charlez,2gnD9CeLx3IlYO2zz0DEqH
1983,65Goonz,1zDnARSHiWiOGH7QmiHORQ
1984,Bombay Bicycle Club,3pTE9iaJTkWns3mxpNQlJV
1985,1OAK,2G1E1EbUkS6uH5z9MuCTuk
1986,Joyner Lucas,6C1ohJrd5VydigQtaGy5Wa
1987,Garou,1oXtLNYfNMQLxWsatCTCCn
1988,Leslie Grace,6BeO1KuAWBqFriL1mLHtNc
1989,Ryn Weaver,2MuFzH1J5I6gGFYo2qhZmX
1990,Joey Bada$$,2P5sC9cVZDToPxyomzF1UH
1991,Robbie Doherty,2WuXRwEjXIjW5uVZOSxqYS
1992,Roxy Rosa,6q7SnYRWQncKrWYoZj4ILg
1993,Osen & Baha,5kQAoLwWRG7I11DwrRV2q8
1994,EXO,3cjEqqelV9zb4BYE3qDQ4O
1995,Carla,7dgCfYEmAX7OxaYWgCGxAr
1996,Tyla Yaweh,1MXZ0hsGic96dWRDKwAwdr
1997,VÉRITÉ,1Fr6agZ6iSM5Ynn2k4C8sc
1998,Undacava,0GICHCgSgJrRnanaNRFIMX
1999,Craig David,2JyWXPbkqI5ZJa3gwqVa0c
2000,Ezhel,6LnJKrtFnTEGdbWQ2riWCL
2001,Chloe x Halle,0AsThoR4KZSVktALiNcQwW
2002,Broods,5r5Va4lVQ1zjEfbJSrmCsS
2003,Vince Staples,68kEuyFKyqrdQQLLsmiatm
2004,Muse,12Chz98pHFMPJEknJQMWvI
2005,Road Of Major,5m0p1hLwjTBVYdgUyQaNaQ
2006,Kid de Blits,5geBneZf2rfQaLDUVkQBFn
2007,Delivio Reavon,3SvtTg5cUQ4XDX3AP4c6Tv
2008,Quruli,26WuprsX7JRG69T0PXkze4
2009,G Herbo,5QdEbQJ3ylBnc3gsIASAT5
2010,Takaya Kawasaki,3BjFX1nExMNHvSaoLd1I1k
2011,Hugh Skinner,46sPwUO4mwBrA1wnSK83tl
2012,Dire Straits,0WwSkZ7LtFUFjGjMZBMt6T
2013,Sean Paul,3Isy6kedDrgPYoTS1dazA9
2014,T2R,6aH4CaxRV988XUNLVSi1dZ
2015,HOSH,3qoTlYFOahAlAh9ee3qnbs
2016,M. Pokora,6euPnGzBlDysAC5ecVguNZ
2017,Johnny Mathis,21LGsW7bziR4Ledx7WZ1Wf
2018,THE SCOTTS,2PaZWGu5T5nHjY2xxAkFsT
2019,Nipsey Hussle,0EeQBlQJFiAfJeVN2vT9s0
2020,Mike WiLL Made-It,0NWbwDZY1VkRqFafuQm6wk
2021,City Girls,37hAfseJWi0G3Scife12Il
2022,Ambjaay,3BbPRvYQ0M9SFmhkHXozLm
2023,Swing,0OQMxt6l70FM2YlLwYDiEn
2024,Nazar,1hMzMy5THp7jWnMRC0rU36
2025,Cliff Richard,2nvKpWcP8etYTq4JrRiUiy
2026,Zware Jongens,5zViDsu1QEY5DZ4QefVjjD
2027,Don Diablo,1l2ekx5skC4gJH8djERwh1
2028,Lil Adrei,4Ywiqc8KxAECFoOWWAYry4
2029,Howard Shore,0OcclcP5o8VKH2TRqSY2A7
2030,Fakear,4eFImh8D3F15dtZk0JQlpT
2031,Q.E Favelas,16vfg5F2MKku9FMIrFIqry
2032,Jnr Slice,1h9TsJVZdaubBn1BZHaAhk
2033,KMN Gang,1eSC1eBG7lH0plb0EYvHrZ
2034,SRTW,7vHAcPVlEDksRsCfkez2CD
2035,Maddie & Tae,34bhyY8jfKez7uKakMfy4y
2036,Brings,5uRfU4LuGDkxzZ86uCXQY8
2037,John Gibbons,72luDUYRlE8N8lPSgyhiwo
2038,Sidemen,3cz1YSCXv6hjifHO6bYLLH
2039,4Keus Gang,7JDQ2kZsT80ht4tzgIaId4
2040,DOBERMAN INFINITY,25X0RB2EWCmj9u0Pnj1uW5
2041,Allday,2Ltr0s15RyvsjqWzSmiSRs
2042,Luh Kel,24CgJHK6T7C5OmUbiLLMjJ
2043,Nesim Najih,3PiYQOpQ27ZQA4xRQqB7tE
2044,Methyl Ethel,3I3Fz1DeUY0icXFvOjbXm7
2045,Alicia Keys,3DiDSECUqqY1AuBP8qtaIa
2046,Matt Cab,5QdG7ZI7k64K5DLjOJgK31
2047,DJ Kayz,1GQ4ihUi4W36nt5ZKmtMgh
2048,Philipp Poisel,7HkIxdAV13bOrkOhh6H3Dg
2049,KazOnDaBeat,7mnmr8BPHhEEYFwIHlclFt
2050,Toploader,6xeFne1rkxMhKSW3ipvkdV
2051,菅田将暉×OKAMOTO'S,796BMhApNodxGK0oteH5lZ
2052,Kwaaivines,0m9MAAgz9T6xxgVvtDxsNv
2053,Sakurako Ohara,5TS11vZTUaDP4maTjFCcBU
2054,Langesjaak,16GFcI0Sl34ETwdcVuM0Mj
2055,Carlie Hanson,3mPc8WGusz2XF3Tvs3AKCR
2056,Love Harder,09JJrjk6Mr5ZYwk1mk7aEb
2057,MC L da Vinte,0lHB0Qc4pmD5RkTLlHeESo
2058,Matt Terry,2JLqTvFXmC87BksiCsBezV
2059,Neele Ternes,7isTm27jVXz6QlAAt8WeXh
2060,Jamoo,0c1JwhGqNvfBsmWNvRUKt1
2061,Billy Currington,1By9QBFnjZAoI83BZppHlt
2062,Timmy Trumpet,0CbeG1224FS58EUx4tPevZ
2063,John Denver,7EK1bQADBoqbYXnT4Cqv9w
2064,Tom Grennan,5SHxzwjek1Pipl1Yk11UHv
2065,Julian Perretta,2JLl6rSFWx9YuSPLcLhkAG
2066,Still Fresh,3AGggQTwJaSofLcpDlYhV4
2067,Bosse,2e4uIDIIBXR0MmZe0AJGhR
2068,Kilomatik,7u0cYeefrzVUt6CfDQCpT0
2069,JSX,7J0JxtOPMKWufOraoIqjiH
2070,Sharon Doorson,10rtYx82dLgxlD5PlWXsXA
2071,Shinsei Kamattechan,1ZnuqrjIR4q8zhgriUYsSo
2072,Sticky Fingers,3ZGr7nQBXDU2WhyXgRVbt0
2073,Drakeo the Ruler,0p4ViyfJUTW0IT4SCBLexf
2074,STUK,0MnM8NE69iw1cVc7GVIZ41
2075,ILLENIUM,45eNHdiiabvmbp4erw26rg
2076,Firat,5ePGdHwXrYiVXslyf1sYgF
2077,Ikaz Boi,1h0vYLWMAElSWYCjm6RBpe
2078,Ugly God,3Fdm9TFJQCLmC3AWMuGExi
2079,Au/Ra,1eMmoIprPDWeFdB1FxU6ZV
2080,James Blunt,7KMqksf0UMdyA0UCf4R3ux
2081,Izzy Bizu,6b5YOgXIliAozdo49vUCJQ
2082,DJ Nazil,3fqoYDVKecfs5Q99XN9wf7
2083,OH MY GIRL,2019zR22qK2RBvCqtudBaI
2084,Aretha Franklin,7nwUJBm0HE4ZxD3f5cy5ok
2085,Wanna One,2CvaqAMMsX576VBehaJ0Wx
2086,Hi_Tack,6N1W9mAlncCKbqBHgBR2bN
2087,JID,6U3ybJ9UHNKEdsH7ktGBZ7
2088,ICEHOUSE,3IUisqn0mluZR0LITs8Sqk
2089,Outsiders,0aKXalHKVzkLJ6aeUY3HMf
2090,Yung Gravy,2YOYua8FpudSEiB9s88IgQ
2091,LAYLA,4GJrFqexwHiTMZWjaPEkTy
2092,Eagles,0ECwFtbIWEVNwjlrfc6xoL
2093,Elvis Presley,43ZHCT0cAZBISjO8DG9PnE
2094,Freya Ridings,5pDjmC5mRl7vDJhsjVwNfk
2095,Jazzy Bazz,0cMsSWXCY2Wag16luxN6fL
2096,Starley,02A3cEvlLLCbIMVDrK2GHV
2097,sloppy dim,6uMBnBtHeJmhc2tx1vDCae
2098,Leony,2NpPlwwDVYR5dIj0F31EcC
2099,Kidaki,5N12NARVDJvkSSRye0G49M
2100,Jason Mraz,4phGZZrJZRo4ElhRtViYdl
2101,MRC,4m90Zo0X5ACTTk27IZ9eMY
2102,Michael Jackson,3fMbdgg4jU18AjLCKBhRSm
2103,Greg Lake,6Uw88LgaxdanDItfR0JyJ8
2104,Jaded,6tCJN1fQNdFCEaOa8Da9Wf
2105,Stanaj,3zrUX1hQrUB9aXcOiyQLmN
2106,Ben E. King,3plJVWt88EqjvtuB4ZDRV3
2107,Bibi H.,5DRdnyaEaD47Pfs7GWSy81
2108,YG Pablo,3UHc2YZGHYS6TEYMJeDf1D
2109,Froukje,0uBVyPbLZRDNEBiA4fZUlp
2110,Adje,5erZiBCKPxe9FaTiXHO00m
2111,LP,0J7U24vlOOIeMpuaO6Q85A
2112,Dom Dolla,205i7E8fNVfojowcQSfK9m
2113,A R I Z O N A,7hOGhpa8RMSuDOWntGIAJt
2114,Quatro Vision,6uRCP6vPABt2mY7ZGHr7nJ
2115,Manuellsen,2iReGc3ItZlbaaSWymMJve
2116,GS,5rtvBFj4IeWDwKjf9cmeKv
2117,DoeMaarDave,7KLLdikljdD8LyxmWUcI5y
2118,Salvador Sobral,0GfYO21pue5u0sVEYk9HZO
2119,Shelley FKA DRAM,5M0lbkGluOPXLeFjApw8r8
2120,Two Feet,5sWHDYs0csV6RS48xBl0tH
2121,Nacho,2ayNSoKPCRAfjp6hQ76hRu
2122,The Pogues,2wzMOQwNT6ZvVB4amvhFAH
2123,FÄIS,5w6mMj1qwSILG0pcylfchp
2124,Boza,2NfSBtmWe7oPw1EmetJVso
2125,Bengous,063ucVG5kmQ6FrnWV0WZHi
2126,Max Herre,7IpWQKu80qQvyer3LO6SW3
2127,Destiny's Child,1Y8cdNmUJH7yBTd9yOvr5i
2128,Keith Urban,0u2FHSq3ln94y5Q57xazwf
2129,Bankzitters,1g9nyCbUH0kbNgXAsw7tUB
2130,SYML,6AyATGg7mDgBlZ4N5uNog0
2131,Gato,45odAdGsuJSI2GSd3IwVlj
2132,DI-RECT,0d1nFNO90pwRmCeeqjOx2Q
2133,Mois,68LM3gnzfl4W5fkfLIxbQJ
2134,The voice of Holland,1YUQBcslZbEeShc171Z5UR
2135,Paula Dalla Corte,7p86QI1NsaOsdFPBMVyn0I
2136,The Darkness,5r1bdqzhgRoHC3YcCV6N5a
2137,Kizz Daniel,1X6cBGnXpEpN7CmflLKmLV
2138,U.S.A. For Africa,7sF6m3PpW6G6m6J2gzzmzM
2139,Backstreet Boys,5rSXSAkZ67PYJSvpUpkOr7
2140,Red Hot Chili Peppers,0L8ExT028jH3ddEcZwqJJ5
2141,Olly Murs,3whuHq0yGx60atvA2RCVRW
2142,Pidi,1r1Ugmy3z4r3lrsxurxBDx
2143,MAI LAN,4qCKUiCnxl18wGx7Bvk5fD
2144,Wisin & Yandel,1wZtkThiXbVNtj6hee6dz9
2145,Lil Xan,3EXdLajEO02ziZ90P90bSW
2146,Rod Stewart,2y8Jo9CKhJvtfeKOsYzRdT
2147,Hugo Nogam,3A08xhQd902eJmnI5U0bJe
2148,Joel Adams,36jaGQtMj5UWD0eO1fCVdD
2149,Schmyt,2DysK49GjODUdRupTMZrfb
2150,Smash Mouth,2iEvnFsWxR0Syqu2JNopAd
2151,illion,6PcCgi0ladfogWN4ZEAwn1
2152,Gamemeneer,2jiwQXGANb2H6O6TATlm0L
2153,Jimmy Barnes,1k5aZWIOUbUfKcnMxtEivJ
2154,Lin-Manuel Miranda,4aXXDj9aZnlshx7mzj3W1N
2155,Zac Brown Band,6yJCxee7QumYr820xdIsjo
2156,PNAU,6n28c9qs9hNGriNa72b26u
2157,Los Unidades,6VoRokuki5Bj7BEB2gZ3BF
2158,Human Nature,72BTmmAO3QfETWlFjwjfJ1
2159,Tsew The Kid,0SXZ0s0MoLOjw4Af6i3OGC
2160,GRM Daily,4PCeJ2EIn3YtzYYRsHHWyy
2161,DJ Durel,1MHslxKWxauC559dXYEX1C
2162,David Neres,290ir8cKuHtrCPYcOHikLF
2163,Gemitaiz,4upwdFMlZBmQ68jP9jPzjK
2164,Louis Tomlinson,57WHJIHrjOE3iAxpihhMnp
2165,BoA,4muJrGMndyYWqZtfk8OWy4
2166,Django,5gU8eqolA1bziWv6e3Wjp3
2167,Gestört aber GeiL,7KAGJwWQQui8b0uqwXRkSr
2168,Bobby Helms,38EmEgXkgK51MT2tPY0EoC
2169,Synapson,5EGOerlVYxwqxaTLEWumBR
2170,Gesu No Kiwami Otome,1ieluXFoq2RRxMXZIQksTz
2171,Band Aid 30,6KfzyefHYuqfWaI5taICaN
2172,Feid,2LRoIwlKmHjgvigdNGBHNo
2173,Ovall,5fajxqVLxJxAzMvZn0AGIv
2174,Nathan Evans,1PKErrAhYFdfrDymGHRQRo
2175,Slade,10n5lhNDoSMUHWLlnST1yw
2176,Bliss n Eso,1xSSjJrKTO2ZNPU81uLtmI
2177,シン & ふうか,4jvLe7IMxOoDtC90Qkv2cd
2178,Blanche,3qMyym6ov558YgVuOOscEm
2179,Marnik,6S3KljEiIOWoLMUyZrkQUc
2180,Migrantes,48R2gYdPKtfnfKAzhSVPUx
2181,m-flo,4UhiMIdxKqQxmzdE9nYe6O
2182,Norm Ender,3S6gaE89XewFAvZqsMuJDJ
2183,JO1,2koP6FEfIEVk4l2Fe6jFhu
2184,Trobi,0MBLQbpbPvJ4oXM0Cj4aKR
2185,Boudewijn de Groot,3h6rezLYXc5QU08SCKZtyO
2186,Dierks Bentley,7x8nK0m0cP2ksQf0mjWdPS
2187,Beyazz,1U0pXcl8GZlZ48jTgnpGHl
2188,Sifax,5dacK0fiMwLoV93yBdUrZK
2189,Lauren Daigle,40LHVA5BTQp9RxHOQ9JPYj
2190,The Waitresses,57AKOY1SF1062tuVzgAPv8
2191,Iggy,0MDfMKBf1cV65pnQ1ZRm9O
2192,Ashkidd,4YUcg2ee9TxMNdjhAxzZBF
2193,Maren Morris,6WY7D3jk8zTrHtmkqqo5GI
2194,Becky Hill,4EPJlUEBy49EX1wuFOvtjK
2195,The Longest Johns,5k979N1TnPncUyqlXlaRSv
2196,Chase & Status,3jNkaOXasoc7RsxdchvEVq
2197,"Emerson, Lake & Palmer",0nCiidE5GgDrc5kWN3NZgZ
2198,Pamungkas,7d86ERlvO5UG44j7Va0Y0C
2199,F.I.,7IDm2GGfPn28vd5x1wiKbI
2200,Daichi Miura,4UTEZqrPqLDOhBfraPNciJ
2201,JESSIA,6DdbeAeBlrYj8bNToZv4TY
2202,VIC MENSA,27w1NoOLMX7tJMYqcetPyG
2203,José Feliciano,7K78lVZ8XzkjfRSI7570FF
2204,Mael,3jTFwkFtPm70r8cAIVFsT7
2205,Vera Lynn,2rJkmlVHePMo2gk0InTZRS
2206,Yvonne Catterfeld,5bKy7Tu2BNmfoFnDC5mncZ
2207,Alz X 38,7nwUxFqqeyUzyYaS7D9lw8
2208,Joey Bravo,05m1GiqwjwAkauc1oVMDIo
2209,Full Crate,0JeTRYMH7FoBiMcLXg1n8g
2210,Abou Debeing,2jFnPm8VeSO19i6B8blXB5
2211,Kim Dracula,526TMJFuJibm9j2p9td9Yp
2212,Clara Luciani,2oVrruuEI0Dr2I4NvLtQS0
2213,TheDoDo,1YQg0jqLV5RT98HjMXxzaO
2214,Likybo,16Nc36xAtNyQ7BMBcDsaLv
2215,Magic System,6MvRVq0CtpQQlwnIiszV8F
2216,Fujifabric,2QgdUzpKFNxey5IuwvsGBL
2217,Gusttavo Lima,7MiDcPa6UiV3In7lIM71IN
2218,The BossHoss,1sICjVlCMOCah0snHXWUz0
2219,Chunkz,3Lpx3ZSrsLeaVD9zKtGPiG
2220,Tori Kelly,1vSN1fsvrzpbttOYGsliDr
2221,Sunstroke Project,3c55dzx6W0ZFs0frtEgIsm
2222,Chico Rose,5OdVywqKqyCWwfE2fZb7IX
2223,ZOOKARADERU,0mkwliKa9Bf7kdXMV1iuMp
2224,Tay-K,2ODbg2404zUzTi02qIPEjB
2225,KAMI WA SAIKORO WO FURANAI,2FqdskWqZqDdlSnAIo9BGA
2226,Remedee,3cOaTgpdP001bZdGIJ05Xg
2227,Madalen Duke,5qElg3REYcoPscmGLy0NmU
2228,Dappy,4q6hTJmeYXCwp0ivdtoSWA
2229,Imanbek,5rGrDvrLOV2VV8SCFVGWlj
2230,Samantha Jade,5i84V8Zk7YqCN6xxb7SWgw
2231,Roxeanne Hazes,1GWpddfwL9bVovOzCtNQN6
2232,Juan Magán,1ackd5XprZEkH3McKbQD51
2233,Tokyo Incidents,6KQWWzFLPQbqomJrieHAW5
2234,Cheryl,3NyNPJaemMYsL14DK2tO01
2235,Moha K,6o5sl0TGublDPXyMHdMq1E
2236,Chris Lane,68abRTdO4meYReMWHvBYb0
2237,Gerard Joling,5V2zReaoPvB7EsZ4160uLG
2238,MizOrMac,6qJxjpZgvj3NJGKMkFakpA
2239,Van Morrison,44NX2ffIYHr6D4n7RaZF7A
2240,Thomas Acda,50o63K3IrY47g46E8R071Y
2241,Mike Singer,1LRpAVWq5z6VZMG3tTdZKU
2242,Ai Otsuka,0q7KOr99MYmwKxivChxpSd
2243,Wiley,7k9T7lZlHjRAM1bb0r9Rm3
2244,Drenchill,3nmaO18tcMzfrrR7sdJHnH
2245,Vice,0q4NrXqJnc367PieejuROJ
2246,Todiefor,55SWeOUhlJHrkcuih5J2pQ
2247,N'seven7,64ajvIvaxJSmdwLGW0IJBo
2248,JACKBOYS,7A8S43ryYdbWpJKeHRZRcq
2249,Lil Pino,5rY5e6BPOIfWJI1LsR8DCl
2250,$uicideboy$,1VPmR4DJC1PlOtd0IADAO0
2251,Junichi Inagaki,7tZ4vIF5bfR7cI1VOVPvpy
2252,Run–D.M.C.,3CQIn7N5CuRDP8wEI7FiDA
2253,Mallrat,4OSArit7O2Jaj4mgf3YN7A
2254,Jocelyn Alice,7iymigONRODGl6XJIprcuF
2255,The Paper Kites,79hrYiudVcFyyxyJW0ipTy
2256,257ers,6ihLfpY3cmdGyWEnItn30w
2257,Jahyanai,09FXva53dWku8Gu5N73rR8
2258,Belah,16p58qwRDJuScHWUUtv7Tt
2259,Nick Jonas,4Rxn7Im3LGfyRkY2FlHhWi
2260,Inoxtag,44BwcqsS9V20HWSeql39ah
2261,Feestteam,42Lgl2myla33QoKueaTxmA
2262,Suprême NTM,4ko6Ysxtvx9EY9GEFslrIz
2263,Yamazaru,6VuxycWaTHHrz5ZP5sNSsd
2264,Dan Talevski,0Vu4A064M7J86SoMA0nrJH
2265,Navos,6YCM9JwkqdEFQSzztmh4Kb
2266,Aoi Teshima,4FrFdi2hHpulQOxDihRIQD
2267,BMYE,1rF28IxSHAcZAG5ogiRJPd
2268,Doums,4yLgYK2B5nZjZMBiaLyLyK
2269,Jen Jis,347ZYa3M1wIhZ3j8Awnd19
2270,Karate Andi,52JDGHEmHKktNs1lN7HCl8
2271,Matoma,4YXycRbyyAE0wozTk7QMEq
2272,bülow,5vBrKGOjN10BMwB0cJADj4
2273,The Beatles,3WrFJ7ztbogyGnTHbHJFl2
2274,Stan Kenton,2cFCoDyEaPrw8QVnrDlPKU
2275,三浦春馬,3w6COh5nodshWjNOC2ZWqY
2276,Mosh36,0PhLCUFEU30lqntUbYZjSt
2277,Alexander 23,6sFHvCyqklnJpXC9Nh1aag
2278,Darlene Love,391oLRVmoTkumiN79HkTWu
2279,Burl Ives,0MHgLfmQdutffmvWe5XBTN
2280,New Order,0yNLKJebCb8Aueb54LYya3
2281,Josh.,1nngQyj8LCicyLKclbWTmU
2282,yui (FLOWER FLOWER) × ミゾベリョウ (odol),0OelQzwa7YekcN4dG8wgy3
2283,Rude-α,6ZtYpkBBZ7wfpM99Qxm0KO
2284,Delta Goodrem,2g6fa86fL6oLcoDqanBbuR
2285,Jugglerz,5dM0ApSI0k1TcOseiik0sY
2286,Tom Misch,1uiEZYehlNivdK3iQyAbye
2287,Dream,6LArUyIoMiHmDvvOAsE2cd
2288,808milli,50nLC9Fz8niPnQ0eBmeuUe
2289,Jeffrey Heesen,1kIanYuEXT2fojrZmrLLNp
2290,Charlie Charles,1UCxzrM5WJh9ure5vCcsim
2291,Creedence Clearwater Revival,3IYUhFvPQItj6xySrBmZkd
2292,The Chicks,25IG9fa7cbdmCIy3OnuH57
2293,CVBZ,0pt7PX4Hftlg8mV1ySU84Q
2294,Alex Ross,5pK858DFAWCmE2tM4jZxYC
2295,Schubi AKpella,2SveKtmknwwMpYJtuFkYZj
2296,Tinie Tempah,0Tob4H0FLtEONHU1MjpUEp
2297,Dayvi,2TWBei99x2tV70bdYbWdAf
2298,Smokey,0tSYjbhaMRZOqrfm0DFNtF
2299,No Money Enterprise,3cI6oSkDCirRNVAgBsGJyB
2300,Frenetik,71XOKoFKWFjlV91e2Z5r21
2301,Peggy Lee,602DnpaSXJB4b9DZrvxbDc
2302,Tritonal,521qvhdobR0GzhvU6TFw76
2303,t-low,3tQzzidoPfVifoURnDfgmD
2304,androp,7n437ZdDaCzqjJDJ7WmbyX
2305,SHY Martin,7eCmccnRwPmRnWPw61x6jM
2306,Iyaz,5tKXB9uuebKE34yowVaU3C
2307,Zak Abel,6Gk5hoM7eW8NSCYhICMDHw
2308,OG LOCKE,0HFX10cw3sUd3fMmBNoDDv
2309,Westlife,5Z1CCuBsyhEHngq3U5IraY
2310,Noizu,3VRyybsQu0MDG0F2LBxnv7
2311,Aminé,3Gm5F95VdRxW3mqCn8RPBJ
2312,Nat King Cole Trio,3OpnoUqoRIHWbsFs4Nw0NQ
2313,James Hype,43BxCL6t4c73BQnIJtry5v
2314,Shock Elias,2mIOimqNnPGF7Jce7kUbvX
2315,森七菜,1IDjyCsCk5Xjy7RA7AQ8vy
2316,Chad Focus,0c2FPgHaY20scmp44dhPXg
2317,Lost Kings,3hyEbRtp617pNCuuQjyOmc
2318,Jubël,4FcZfItjVIsfO9TynErl7X
2319,jxdn,6Y64EaNqpqcZYTgs4c76gF
2320,Yusuke,0iWpuF3h43ZtZJxcUp8eti
2321,Glasperlenspiel,2UFKXTZgKtOTHSqMSyAcLO
2322,Thiaguinho MT,0yApzRdrUqTGqX9MULdnmV
2323,Jay Wheeler,2cPqdH7XMvwaBJEVjheH8g
2324,The Notorious B.I.G.,5me0Irg2ANcsgc93uaYrpb
2325,Anita Kerr Singers,0vbEs3DgphJ2RGZqh4qFLT
2326,Naive New Beaters,0xW1QQBD5O09HptO2fEaI4
2327,Kalvijn,11X2JfCZ9k1u9xMKTGkpdK
2328,Mahalia,16rCzZOMQX7P8Kmn5YKexI
2329,Cali Y El Dandee,5DUlefCLzVRzNWaNURTFpK
2330,Raf Camor,68Djtfnh8XXGZjFFu8KmLb
2331,42 Dugg,45gHcnDnMC15sgx3VL7ROG
2332,LIZOT,12A83CWwFiyXy90ScLWPIe
2333,Paul Kelly,0SNWoGaDlrCompmg9rXeNq
2334,8D Tunes,5fOzKeaM5PmZ2BcKKAtFeq
2335,kostromin,3JG79Z23wJN9Q5PTPpDAEV
2336,YUNGBLUD,6Ad91Jof8Niiw0lGLLi3NW
2337,NKD,55qCl9QiBKbLEbLRvRpRlK
2338,Jazz Cartier,0sc5zYshOdiFD4ayqMrJbJ
2339,JAY-Z,3nFkdlSjzX9mRTtwJOzDYB
2340,SAINT PHNX,1Tdg7NIdyWx9icE2GNZzxk
2341,TRXD,29JlvmcJaB2Iv1dQZ8Jd8F
2342,Abraham Mateo,2bxxlINUlcMQQb39K7IopR
2343,Estikay,4DMzvwya65eu1LsYZ3BLV6
2344,Kardinal Offishall,5P2rwRBgIN450RaJxdjYdA
2345,Amelia Monét,4cgzmqmPVe1mdy8oGrJRaX
2346,Anu-D,0d3APB2jngaBHrA0DZHJYp
2347,ヒプノシスマイク -A.R.B- (Division All Stars),2ZyhQuzfOhSjXPQauL2iT5
2348,IS IT SUNDAY?,5vrokKN2t4ZiVZNCe8bnkd
2349,Namie Amuro,4BmWSGKG6HiYvLuJvZ9afa
2350,Mika Nakashima,3D73KNJRMbV45N59E8IN0F
2351,Kideko,0ZwQMCRqfyh1OGQkBh9Cnj
2352,Maesic,1GO0BdzMo0I4HNHfbaLbKZ
2353,Yasutaka Nakata,2qNI3aGlywRzTkRBOy9YzG
2354,Yo Hitoto,5sm4rWbXSE6K8MdyTIZg7q
2355,Arcangel,4SsVbpTthjScTS7U2hmr1X
2356,Jaill,0RTKm5n4OBSU5H8uGqi3fM
2357,My Little Lover,3v8Gnj6Kvl1fShyGgacgu1
2358,Marc E. Bassy,3tQx1LPXbsYjE9VwN1Peaa
2359,NexXthursday,07Y8trtAhW1FFUPqZYTosy
2360,El Alfa,2oQX8QiMXOyuqbcZEFsZfm
2361,Philip,0rq5wppHKGTFcdl8da5ODZ
2362,Sofía Reyes,0haZhu4fFKt0Ag94kZDiz2
2363,Who-ya Extended,3sE3971KYAw7t9ENx8Eqwk
2364,Tears For Fears,4bthk9UfsYUYdcFyqxmSUU
2365,SIYYU,4R99LCucVrepg9xiys9p5G
2366,Otis Redding,60df5JBRRPcnSpsIMxxwQm
2367,Tim Bendzko,3xDVmZmDpaF1uuez2N7mKl
2368,OMG,2gSIgsQWEHbWvOiFvhvx3g
2369,Straightener,4q5fHrf0Q0R6imQ3etjXEG
2370,Thirty Seconds To Mars,0RqtSIYZmd4fiBKVFqyIqD
2371,Poundz,2jItxZsB8PA3vday7b0RLT
2372,Sadri,3WVZUwlM5Xhdbm280BDxpP
2373,THE ORAL CIGARETTES,4rqJz9fE9prZvQd8WsQv6q
2374,Leoni Jut,3cSTuOCq6sJ8Xhmw3rit7j
2375,Dioscures,7vcsHACKyahyVI85epvcnt
2376,Rabby Racks,1OFra6RZi6tAQLx4nqvz8q
2377,De La Ghetto,3EiLUeyEcA6fbRPSHkG5kb
2378,Dastic,1wdU1J2NHzcDYarT7jEU2A
2379,Claudio Capéo,5KBbs98MK59UNMF1VTwMmz
2380,YK Osiris,7meyrw7Or5DwteYxDJrkCM
2381,Andy Grammer,2oX42qP5ineK3hrhBECLmj
2382,SPiCYSOL,19C24gEiJyfC8b2IhuupfA
2383,Casar,7IENU7K9Qq8bd9U4pc5rbt
2384,Nassi,1qKKI6tBqJZCZfAmXjYFjN
2385,POLKADOT STINGRAY,5zV9afUO4DVqJeRaZvfNev
2386,Olivia Rodrigo,1McMsnEElThX1knmY4oliG
2387,Achtabahn,2bnHA3uft5ff7aFQLvscV5
2388,The Andrews Sisters,2NCGI6dLTxLdI9XHdv7QfM
2389,Naughty Boy,1bT7m67vi78r2oqvxrP3X5
2390,Memphis Depay,6vHeztszLzqchlxlfUnwAo
2391,Journey,0rvjqX7ttXeg3mTy8Xscbt
2392,Cher,72OaDtakiy6yFqkt4TsiFt
2393,空音,3rTxb36W3M1BCxx00iiwMU
2394,Bad Boy Chiller Crew,5SRr4ZJMoygWecytkIwlaV
2395,James Blake,53KwLdlmrlCelAZMaLVZqU
2396,Kiro Akiyama,0JROVv4P85ZVPFbaJIqAty
2397,Game of Thrones,22JdJVovP3pV9XkGTih01c
2398,One Direction,4AK6F7OLvEQ5QYCBNiQWHq
2399,SAMY,3m785bWzNnoLuIJP88DUN1
2400,Kacey Musgraves,70kkdajctXSbqSMJbQO424
2401,Shordie Shordie,5fyvTyetDr7gvLafBsEEhU
2402,K CAMP,5bgfj5zUoWpyeVatGDjn6H
2403,Bilal Hassani,1eoyu9uAivE7Jwak40J1MW
2404,Davin Herbrüggen,3p8CvSlaqqbzFKZMUylHO6
2405,Vanic,2LY0E3xg8svCVYXVNTze5T
2406,¥ellow Bucks,1Fe6FA7A57suR2KAaERpqH
2407,Leon Bridges,3qnGvpP8Yth1AqSBMqON5x
2408,Dubdogz,4cdyqaBREB68H77QKCrKP1
2409,Shawn Hook,7blkMNJv8n9ceP9zlA4W2U
2410,Morad,4az97MtWmBQ5Db3GfDh9j9
2411,I WiSH,6BG4T6h3TJSa0j1JejYAjr
2412,Madcon,6c4sUNBgdonFJz8Kx2VsGz
2413,Danger Dan,2jXb8AWz82Sn3RRGOaia7a
2414,Kezah,0Xy42slaJyTJV1vfi9Hbey
2415,Peach Tree Rascals,0imE3buPhAowREqCrr4CYe
2416,Christian Nodal,0XwVARXT135rw8lyw1EeWP
2417,KOBUKURO,0llYwFIMgF9Jzmp4ZY7wbr
2418,Nariaki Obukuro,6VhZSXucPwAlDJD1j2Zayk
2419,ELI,63gbXCha1jpkrJJ9K5gGpR
2420,Tayna,5Cj0xJrG2k8TPOJQ1vdAmZ
2421,Em Rossi,1FQIQrgG9sgl9WK2WnNOS9
2422,Morpheuz,6mFNhGWIA0SYoGMFXi2cgf
2423,EXILE ATSUSHI,24r8fVuKK3xtC1L7iSiM4O
2424,negoto,19oTSjL9FYG6cemjnNwiuF
2425,PEDRO SAMPAIO,5wbf52LA6kcaboHSN6NEF1
2426,Hanson,0SdiiPkr02EUdekHZJkt58
2427,Vedo,3wVXTWabe3viT0jF7DfjOL
2428,DJ Luian,64aJYyrXljOodnUG6jvhRD
2429,Two Crooks,0KbxWTWxxOTbm3eiCAEYVV
2430,Live Lounge Allstars,1FN3UEetBb2iNjcNAmrv4r
2431,Hollysiz,6SLddo53tvP0cJdocEutfV
2432,Akuma,19JjP3cCprjLLvvA2Cdbn5
2433,Kevcody,3heGIV1KV0B4c4MW7H2mey
2434,D.A.V,41J6Z8WYUSGJFn8TLEFBAD
2435,Juicy P,3iVGVVEvuNU0Nqe54OlfS2
2436,RHODES,07FfkbljNIdl45Ijlh1aXS
2437,Daryl Hall & John Oates,77tT1kLj6mCWtFNqiOmP9H
2438,Tungevaag,49CE2ffZ6Z3zeYSDauSKck
2439,Bob Pressner,2zY0g18VpVG1dpJJyW1biE
2440,Trueno,2x7PC78TmgqpEIjaGAZ0Oz
2441,Nea,7nqlScm2smydSRl13eaP8E
2442,BlocBoy JB,4TEJudQY2pXxVHPE3gD2EU
2443,DA PUMP,3NRXKeatDxKe4apH6XawKX
2444,MØ,0bdfiayQAKewqEvaU6rXCv
2445,Kano,50nN8IFD4xA67fI4jYbLV4
2446,Touch Sensitive,2OC53Inn0G9QwWM7CM0G5Z
2447,Mansionair,4qOzMSukiZoiSjPQw8Zs7s
2448,MASN,4HAfqyKr4Sqtab6ttHWXgE
2449,Pyramids,5Z6zCBwvMUJ15UAOsSBKHY
2450,Teddy Teclebrhan,40Jb5kob7OGlmUSnYJp5X3
2451,篠原涼子 with t.komuro,3Kdikkq1mYX9Vp5xKMZyft
2452,Daya,6Dd3NScHWwnW6obMFbl1BH
2453,Eslabon Armado,0XeEobZplHxzM9QzFQWLiR
2454,Kato,1udruffum7CorOphFUMB9A
2455,SuriBeats,46GsASZ8dwV3PUIfZ3gvWw
2456,twinsmatic,3gYoYSbWPhxA0zY9lZ4Ldv
2457,Eunique,7MSwVATA5fRIxRA6Z0BmTe
2458,Yoko Oginome,6yqXW1ZKNeDm04DguLHoJk
2459,Foster The People,7gP3bB2nilZXLfPHJhMdvc
2460,Joe Weller,0VOGPk9LCPMxzjkiX5JdZF
2461,Crystal Kay,3yzQHdj9G34CVZ5rVUDrOM
2462,Wilbur Soot,2XzXLjXRSeFtsic4ieyLJy
2463,Sean Kingston,6S0dmVVn4udvppDhZIWxCr
2464,Redbone,0w7HLMvZOHatWVbAKee1zF
2465,Camille Lellouche,6os4KQUfJoyJwjZ7y7Ec6Q
2466,Ruben Annink,0qZWRrQj38rwkxeRQ3HowZ
2467,Captain Hollywood Project,3El2sJgqTWkg1kkyHHAEu4
2468,Bianca Ryan,0SGZfHICh9e4oEXS8zGOXt
2469,Dj Guuga,1cNPXWhKfjI0fT5EMCnamR
2470,WOS,5YCc6xS5Gpj3EkaYGdjyNK
2471,Rasster,3LVYHgfHgCTy3QSRt5kKQg
2472,PartyFriex,1QXZ1BMJKU2dl2q6rDn1pB
2473,Conan Gray,4Uc8Dsxct0oMqx0P6i60ea
2474,Tujamo,2vVNxGBvKRQMWwI5c8KmYh
2475,Fabiola,6CA2eS7cImKROD1MxahLgU
2476,Mc Zaac,76Xa625geVw0Q7BdyxNjA2
2477,GAMPER & DADONI,6HQ6vf4AloXyVNdyJhrX1J
2478,MC Fioti,2W6kbe0nm96COrHzNmfLLd
2479,Iliass,2odjh53kLQBRUy7hi97EZL
2480,Kris Wu,2lbUjuMzHkT4qIECvk2f3L
2481,Ball Park Music,1ououJVWgWsHWMYDLvT7sH
2482,Zoe Wees,03d2mJXSMtuPI0nIvLnhoS
2483,Chantel Jeffries,2HFuviZiAYhouKgvRX0y45
2484,twocolors,7ACEUD7UsmmXrnj4OLt8f9
