Josylvio,1wFoE1RwBMWoWkXcFrCgsx
Trippie Redd,6Xgp2XMz1fhVYe7i6yNAax
Alessia Cara,2wUjUUtkb5lvLKcGKsKqsR
The Killers,0C0XlULifJtAgn6ZNCW2eu
Jacin Trill,4hKoG9QvxsFDLIntc6tZ0g
あたらよ,2yRnjWtHzmDELwYaUiX0Yh
Cardi B,4kYSro6naA4h99UJvo89HB
Thalia,23wEWD21D4TPYiJugoXmYb
Kygo,23fqKkggKUBHNkbKtXEls4
KC Rebell,5p7mWeX4RlvqBCxylfiXdE
Armin van Buuren,0SfsnGyD8FpIN4U4WCkBZ5
Eddy de Pretto,7rFugkk9ZvVB1zXHg8h0rj
Michele Morrone,03fLoIOO015incUitpfkad
Busta Rhymes,1YfEcTuGvBQ8xSD1f53UnK
Fall Out Boy,4UXqAaa6dQYAk18Lv7PEgX
Hooligan Hefs,1VXE1xqGNlT9HG6TcjpQ9I
Kaza,4MRRW42s9ymwa5zu4xTKJh
PNL,3NH8t45zOTqzlZgBvZRjvB
Samra,6h1s4i4XKIYv4ErDelLDN0
Lefa,25yJrwrn5I0EUdQEiTtNSO
Lil Kleine,3AlRiyjMywTVNzTcHbf9QT
Mister V,5qisLjDrKoHMI9zOK2hfzs
3robi,51MxI9mWmRMPLK9eNlyQ7o
Bridde Boys,3MXwHgXTLymeCniKY1H3aM
Kosso,6j2HGKxQpvoTFC5UCDq5mb
Selma Omari,2gLdG0pJEOmwWf6eDrbtyg
DJ A1,7ao5uJZUsPeVpWlNkkjWyx
Katja Krasavice,0lFLP59V4TY3XgnrkFIwxK
Bausa,13bDjug9N0pyv3ZUINjkDV
Alonzo,2z2TRvloJt4EfUNQp9rHAi
Chance the Rapper,1anyVhU62p31KFi8MEzkbf
Jax Jones,4Q6nIcaBED8qUel8bBx6Cr
Jebroer,7jp5R1aY7kmwBYX3jIu9yk
Various Artists,0LyfQWJT6nXafLPZqxe9Of
Broederliefde,5GvMLzUp6tMBpaCbr903RN
Jorja Smith,1CoZyIx7UvdxT5c8UkMzHd
Imany,74eY8wbrhhVD7pACbBHwHw
Cro,3utZ2yeQk0Z3BCOBWP7Vlu
Sneazzy,1cA379ILgR07m7XQVXyP6Q
Lacrim,7DUTsWY3RBd64vh8UtgtYA
TJ_beastboy,7l8dcABCTyZKrkskt53Z2u
Childish Gambino,73sIBHcqh3Z3NyqHKZ7FOL
Calum Scott,6ydoSd3N2mwgwBHtF6K7eX
Bato,5g3TY29rk8El8lvejImgso
Dua Lipa,6M2wZ9GZgrQXHCFfjv46we
Idaly,1EYdbYpGAuJy6uZo4sVMoM
ScHoolboy Q,5IcR3N7QB1j6KBL8eImZ8m
Niska,7CUFPNi1TU8RowpnFRSsZV
Morgan Wallen,4oUHIQIBe0LHzYfvXNW4QM
Fredo,3rbtPd0NcvhO2AzMfzx90z
Kaaris,1ntQKIMIgESKpKoNXVBvQg
Lijpe x Ismo,7AJmdVvoXRjl6WUlwrMlex
Shirin David,0JBdTCGs111JKKYfLqOEBa
Dave,6Ip8FS7vWT1uKkJSweANQK
Lil Baby,5f7VJjfbwm532GiveGC0ZK
Racoon,30mNTnmvPn3HwXA5dW1Iza
Tory Lanez,2jku7tDXc6XoB6MO2hFuqg
Lil Tecca,4Ga1P7PMIsmqEZqhYZQgDo
Taylor Swift,06HL4z0CvFAxyc27GXpf02
Hamza,5gs4Sm2WQUkcGeikMcVHbh
XXXTENTACION,15UsOTVnJzReFVN1VCnxy4
JOYCA,5AqhBC5pt6b0WVpUAII1Ro
Big Toe,18Zq5h68TQ6kurXzRNHJDo
BTS,3Nrfpe0tUJi4K4DXYWgMUX
Nekfeu,4LXBc13z5EWsc5N32bLxfH
DA Uzi,3xEJ7cDz5rdg6VM8E6Mqhf
METRICKZ,2P7AfQW941UU324qq2ggZf
Lartiste,6HhnhnxLsowYuuejvku0Bz
Years & Years,5vBSrE1xujD2FXYRarbAXc
Rooz,22qcssYcY9HKu3mgcXXEGq
LEA,5Yo5iU2nf4H41waPl4ZnS1
MMZ,20amiDsCI5EwB6xy37h44k
Sam Smith,2wY79sveU1sp5g7SokKOiI
RIN,18ISxWwWjV6rPLoVCXf1dz
Monk,0jEyGu5QKLxQ2tIZVnRbfE
Twenty One Pilots,3YQKmKGau1PzlVlkL1iodx
Mac Miller,4LLpKhyESsyAXpc4laK94U
Marracash,5AZuEF0feCXMkUCwQiQlW7
Future,1RyvyyTE3xzB2ZywiAwp0i
Cast Of “Mamma Mia! Here We Go Again”,1yjracK9CNmMgZo5myCuqu
Sam Fender,6zlR5ttMfMNmwf2lecU9Cc
Band Aid 20,71UcB6UtI3juKDx2wsOaqn
Noah Kahan,2RQXRUsr4IW1f3mKyKsy4B
Katy Perry,6jJ0s89eD6GaHleKKya26X
Dylisa,1EZhPZUiU6c52gOAZLIcR2
Hef,7ge3QfYPMTjDbMoVLuuIuJ
Timal,2ptKt4yP4mYRZmvi09JYyi
Le Motif,0HdLXCWPtmK9wgd7CyNuj3
Glass Animals,4yvcSjfu4PC0CYQyLy4wSq
La Synesia,1xAkr1syMoClC66pHMk2Eq
Drax Project,6S0IvKlvPMX1RtAYtVpUV8
K'NAAN,7pGyQZx9thVa8GxMBeXscB
Rohff,32UhRcgdXO6LdLhOpfIdxp
Novelbright,0jWCX6zp4RjWrmZRxJ2uri
Illy,6NFyaN9PMCDZ3LKxGwHAXt
Headie One,6UCQYrcJ6wab6gnQ89OJFh
Mark Ronson,3hv9jJF3adDNsBSIQDqcjp
Majoe,1a71mkqZC54WhePSbnq7RK
Little Mix,3e7awlrlDSwF3iM0WBjGMp
2 Chainz,17lzZA2AlOHwCwFALHttmp
The Jackson 5,2iE18Oxc8YSumAU232n4rW
Tate McRae,45dkTj5sMRSjrmBSBeiHym
Baby Keem,5SXuuuRpukkTvsLuUknva1
RK,2s7fZ34RK8RUJQ2ewsh6I5
R3HAB,6cEuCEZu7PAE9ZSzLLc2oQ
Internet Money,6MPCFvOQv5cIGfw3jODMF0
Gunna,2hlmm7s2ICUX0LVIhVFlZQ
SALU,2AwGvrbcvOSx5HDwc4OQE3
Stormzy,2SrSdSvpminqmStGELCSNd
Kalash,3J7r4VsNmuWixU0nXvyPd8
ASHE 22,3tTvSeZiFDP3CY5EdPGcR4
Ali471,2hH16roqnQFy0PdSmgZRSJ
Judy Garland,0hItVPjwJLVZrFqOyIsxPf
Chillinit,5TUXXyB6ZKCdd0vQx6yR2J
Capital Bra,4WZGDpNwrC0vNQyl9QzF7d
もさを。,71KI7v1YqVU8cIFzBl47dh
Boef,0Jsk5iYMr5aNjHury7blm1
Sevn Alias,0HDMwoCS316xhKCZlJPBnc
Mula B,6zEaCvF0CqEHs7kFyBkLHi
Sabrina Carpenter,74KM79TiuVKeVCqs8QtB0B
Bring Me The Horizon,1Ffb6ejR6Fe5IamqA5oRUF
Kevin Gates,1gPhS1zisyXr5dHTYZyiMe
Fuse ODG,374sWpAJsbZckf98df2jJJ
Nicki Minaj,0hCNtLu0JehylgoiP8L4Gh
Nash,17aoRCzkZM3IFEbFqVCuX5
Yaro,09E5z6upwkmwTKX8LGQgMo
Hilltop Hoods,7dlqUnjoF2U2DkNDMhcgG4
Jonna Fraser,5adKMaYrGOMyOfnbiLPuHg
KALIM,2NJWI8byqTSqDaJRnqJY2z
Coldplay,4gzpq5DPGxSnKTe4SA8HAU
Lil Wayne,55Aa2cqylxrFIXC767Z865
Dreamville,1iNqsUDUraNWrj00bqssQG
Damso,2UwqpfQtNuhBwviIC0f2ie
SCH,2kXKa3aAFngGz2P4GjG5w2
Lana Del Rey,00FQb4jTyendYWaN8pK0wa
Lil Tjay,6jGMq4yGs7aQzuGsMgVgZR
Scridge,6fYEeLBc96CguiLq9FPBQU
iann dior,6ASri4ePR7RlsvIQgWPJpS
Harry Styles,6KImCVD70vtIoJWnq6nGn3
DJ Khaled,0QHgL1lAIqAw0HtD7YldmP
Carly Rae Jepsen,6sFIWsNpZYqfjUpaCgueju
TOOL,2yEwvVSSSUkcLeSTNyHKh8
Leto,6HCBnyTBSLdb3TFn2ayulY
Shawn Mendes,7n2wHs1TKAczGzO7Dd2rGr
Tom Walker,7z2avKuuiMAT4XZJFv8Rvh
13 Block,7rTPCNINGzMp3Hc8Xqht5Z
Bhad Bhabie,7DuTB6wdzqFJGFLSH17k8e
DVBBS,5X4LWwbUFNzPkEas04uU82
Juice WRLD,4MCBfE4596Uoi2O4DtmEMz
ADF Samski,5qeFPM2PZUCzcpkY4e4RC8
The xx,3iOvXCl6edW5Um0fXEBRXy
Moha La Squale,4vtz0m60CCrcsQmqDunDIR
Dustin Lynch,1dID9zgn0OV0Y8ud7Mh2tS
SFB,50mdotNCJ2PcoZiAgsh8dY
Lijpe,6INEFmHKLhMIJAQzHUBAMd
Hearts & Colors,3wjsrpfO6odEphTZWx45RQ
Thirty Seconds To Mars,0RqtSIYZmd4fiBKVFqyIqD
Ninho,6Te49r3A6f5BiIgBRxH7FH
Martin Garrix,60d24wfXkVzDSfLS6hyCjZ
Tess,5r8cx09Wdz9YeIbDhzfnna
SIRUP,1HzcHe0WFm4koBalCEOkVh
Sido,4Yttlv9ndGjCDCVLqM7ACq
Frenna,6m1LYS5NQonxjOcQFPQOb5
French Montana,6vXTefBL93Dj5IqAWq6OTv
Aliyah,7E7VmEW6CxpkGNipjVQywD
Lotto Ash,1q4putin60VdRXfDSTl5f3
XATAR,6XFQvBHGEr3mRfOHcqPXv8
Khalid,6LuN9FCkKOj5PcnpouEgny
RÜFÜS DU SOL,5Pb27ujIyYb33zBqVysBkj
Lynda,2GlEiSHYEKlq9cUYDa9oZb
Duke Dumont,61lyPtntblHJvA7FMMhi7E
Bebe Rexha,64M6ah0SkkRsnPGtGiRAbb
Kool Savas,1SUu1Bi7ev9HbOzyVC77qD
Jul,3IW7ScrzXmPvZhB27hmfgy
Piso 21,4bw2Am3p9ji3mYsXNXtQcd
Jesper Jenset,4Q6zYbQ2MrKiEWTGB3yrPv
Louisa,5IHqlcCbQkyhWl0KmIwgeq
Ufo361,5pVRwX5ZQR7hfJ18w8ZYkl
MERO,5wyWp867LWGjFmYZXVSFnZ
Gazo,5gqmbbfjcikQBzPB5Hv13I
Chivv,2hBfmHHnM4dS4pJgEJENCg
Masaharu Fukuyama,5FGlhIQqewJRV8fx24toG0
Bing Crosby,6ZjFtWeHP9XN7FeKSUe80S
Nissy,4L9VSeE7K3BTBndqEL9A6q
Lil Lano,6NG0bF3tpQuQOixbzFPLIv
KSI,1nzgtKYFckznkcVMR3Gg4z
S1mba,71jSVPQ6yskfyvWeiwvT5s
Kollegah,6gto7HVNhu4ARE3P3g8Y5Y
Shane Codd,2s7Oijd4mFGgEkhYJtf3sJ
Eminem,7dGJo4pcD2V6oG8kP0tJRR
The Chainsmokers,69GGBxA162lTqCwzJG5jLp
GENERATIONS from EXILE TRIBE,4HfuyMMy295oBvbIuXr0v8
Drake,3TVXtAsR1Inumwj472S9r4
Bonez MC,1aS5tqEs9ci5P9KD9tZWa6
Kore,78Die3Gb8yaElTmGCa7m7N
M Huncho,491U1PrV1EoQuhM0aUCn9r
PLK,3DCWeG2J1fZeu0Oe6i5Q6m
DaBaby,4r63FhuTkUYltbVAg5TQnk
Queen,1dfeR4HaWDbWqFHLkxsg1d
BHZ,3mmI5HKArDwgggj4j0aJyC
Chris Brown,7bXgB6jMjp9ATFy66eO08Z
Maite Perroni,6ModsWtBph2rE6zCTVxvZt
Gentleman,5tlNJfV9UIpgnbWmvUEFu7
Loud Luxury,6t1gpxYbY8OlLA7D2RiikQ
Keizer,2CiOpBO55td0YHJVZYT2KW
Charli XCX,25uiPmTg16RbhZWAqwLBy5
Post Malone,246dkjvS1zLTtiykXe5h60
NAV,7rkW85dBwwrJtlHRDkJDAC
Gzuz,5eioJDe26lOqkAMbuhzZYs
AAA,1AyWsgtaIgXbzjJlTx2ZDp
Anitta,7FNnA9vBm6EKceENgCGRMb
Fumiya Fujii,5uDMiTt5fxXmUyPS5HPwvS
Calboy,0HkcYmcjrBR3SCw9Ld5VZk
Luciano,3CJKkU0XuElRT1z8rEtIYg
Jonas Brothers,7gOdHgIoIKoe4i9Tta6qdD
Logic,4xRYI6VqpkE3UwrDrAZL8L
Equalz,57RYqNhEvaNiafuP1X73GS
LX,10XY9PZCJKzUFzZOdtlQLU
Mabel,1MIVXf74SZHmTIp4V4paH4
Kendrick Lamar,2YZyLoL8N0Wb9xBt1NhZWg
Madame Monsieur,1tQn5gWbo3ee6n2Z52ogY5
Kalash Criminel,6ytOHdKh4xt4YvF7tz8Zcv
Booba,58wXmynHaAWI5hwlPZP3qL
Kurdo,1yIifIA91WgmfzBcjbQB8i
Nines,0tPKcpC8yXpfdWXFcN7Vwr
Angèle,3QVolfxko2UyCOtexhVTli
King Gnu,6wxfx1yhyqjCPYwwxJktR2
21 Savage,1URnnhqYAYcrqrcwql10ft
The 1975,3mIj9lX2MWuHmhNCA7LSCW
Kraantje Pappie,5yDkaiPTFbHGWCMXAEBt5Q
YOASOBI,64tJ2EAv1R6UaZqc4iOCyj
Laylow,0LnhY2fzptb0QEs5Q5gM7S
Chris Stapleton,4YLtscXsxbVgi031ovDDdh
millennium parade,0GZ65zwBwkkwGNJ3zagtTZ
JURI,6SGVQ8bD0Hab6BItkqWVuJ
Charlotte Cardin,1G0YV9WooUBjrwDq0Q7EFK
Young Ellens,0SuC1Z51R9kleDO1pj3Gub
Anuel AA,2R21vXR83lH98kGeO99Y66
Megan Thee Stallion,181bsRPaVXVlUKXrxwZfHK
SZA,7tYKF4w9nC0nq9CsPZTHyP
Mert,0wwDZj4zgZORjTGhTujAKx
Djaga Djaga,4mg1S6eUvRL9IZKzEShYB8
Ruel,5xkAtLTf309LAGZTbvULBn
Camila Cabello,4nDoRrQiYLoBzwC5BhVJzF
Selena Gomez,0C8ZW7ezQVs4URX5aX7Kqx
Virginia To Vegas,3v9wPA58IVrX2dg6AjSPgi
Scarface,0AKfGRIDWDiLB8EHORfP8J
Loud,5DXzQwj6Kgr5kBjVlYdSHo
NF,6fOMl44jA4Sp5b9PpYCkzz
Oasis,2DaxqgrOhkeH0fpeiQq2f4
Fleetwood Mac,08GQAI4eElDnROBrJRGE0X
Freeze corleone,76Pl0epAMXVXJspaSuz8im
Nielson,5m5Fh8zrb0uHM85qwkIkVT
Roddy Ricch,757aE44tKEUQEqRuT6GnEB
Marteria,3nDNDLcZuSto4k9u4AbcLB
Aylo,5ggr9FUq9cjogKBxQmI2ZO
Sugar MMFK,5TfpwNDNvEPPjWk65OrtmV
Lizzo,56oDRnqbIiwx4mymNEv7dS
Carpenters,1eEfMU2AhEo7XnKgL7c304
Aitch,2PJEagPIxaBugeMjIyKVXF
Mark Forster,7qXzy6c5RWT0XlVQcOBIDG
Maejor,3XcCT5MPlQPWFTJyzXbfuX
Arcade Fire,3kjuyTCjPG1WMFCiyc5IuB
Swae Lee,1zNqQNIdeOUZHb8zbZRFMX
Mr.Children,1qma7XhwZotCAucL7NHVLY
D-Block Europe,5VadK1havLhK1OpKYsXv9y
ChildsPlay,6rNu1h2bZtfgDuZC5FWGel
PARTYNEXTDOOR,2HPaUgqeutzr3jx5a9WyDV
Juju,4sg4no0TXdsrM1s4SVUwNF
Trois Cafés Gourmands,4wngxtsP87ozrQh05D90dO
Naps,6W5uA6CNMf3hd2j4a2XWCx
Dadju,4sbXXFzEWJY2zsZjelerjX
PRETTYMUCH,5Y8eJDj37KhaEeqbVO7Ag1
Alligatoah,0r0R5nIjDY04TfxRM10Bcb
MadeinTYO,5SyGEPymt1G2uto47tVWvZ
Rim'K,2eh8cEKZk4VeruUrGq748D
Bolémvn,0gGcw3tA1fZoF23qa8KFb7
Michael Schulte,21aa4pj9BvbFB2iT8kRpnq
Y2K,6USMTwO0MNDnKte5a5h0xx
Lil Mosey,5zctI4wO9XSKS8XwcnqEHk
CHANMINA,2vjeuQwzSP5ErC1S41gONX
Kensington,5hHcAWKNV84BEbkRnbQ6A7
Hemso,0t6A5IoqSxQzxmMoDkS9Cv
Rake,3vQ2DVwzWWorNTS3kObltH
Digga D,57n1OF36WvtOeATY6WQ6iw
Jess Glynne,4ScCswdRlyA23odg9thgIO
Niro,1wAtSe79kItIb9nf5EhI2Q
Koushino,6TR6dUNDpqyitYzDvY7DI0
Giveon,4fxd5Ee7UefO4CUXgwJ7IP
Nimo,3ZuBEj9ppJe8GSdKaMTfMN
NEIKED,5H6xmHXjsq98NLbEjuE29f
Sage The Gemini,6d47Z08T4snK50HgTEHo5Z
Calvin Harris,7CajNmpbOovFoOoasH2HaY
Nogizaka46,08lN7bm4Etec8ETFxaTUmq
Rauw Alejandro,1mcTU81TzQhprhouKaTkpq
Marshmello,64KEffDW9EtZ1y2vBYgq8T
Birds Of Tokyo,25ou7Y6W7L1fcMoCZMbf86
Old Dominion,6y8XlgIV8BLlIg1tT1R10i
Playboi Carti,699OTQXzgjhIYAHMy9RyPD
Animus,4Mt1ci7cKg2DpDS5kJ5mHS
Noord-Hollands Kinderkoor,7yOobv5U0tQXYJaow5MN9P
Orelsan,4FpJcNgOvIpSBeJgRg3OfN
Hikaru Utada,7lbSsjYACZHn1MSDXPxNF2
Dan + Shay,7z5WFjZAIYejWy0NI5lv4T
Rag'n'Bone Man,4f9iBmdUOhQWeP7dcAn1pf
Dardan,3pjq2pDV9RR6VY55wBjVnp
AJ Tracey,4Xi6LSfFqv26XgP9NKN26U
Capo Plaza,5SulO4l40qDuV9zUGLZx7n
Jona Lewie,3nohf4qILMr5aUSOsolwxB
Noah,4lR4w01uPOblBqpIAzuCzL
Ir Sais,4NEThNYJ3WyNcJWcmpjq88
Justin Bieber,1uNFoZAHBGtllmzznpCI3s
Vald,3CnCGFxXbOA8bAK54jR8js
Zedd,2qxJFvFYMEDqd7ui6kSAcq
GIMS,0GOx72r5AAEKRGQFn3xqXK
Scooter,0HlxL5hisLf59ETEPM3cUA
Fifth Harmony,1l8Fu6IkuTP0U5QetQJ5Xt
MoTrip,69u5rPwWBKP7pJHpCGB9O5
Brenda Lee,4cPHsZM98sKzmV26wlwD2W
Lauv,5JZ7CnR6gTvEMKX4g70Amv
Hardy Caprio,7FqkRutc4zWMrnEAUv3Xwd
Josman,6dbdXbyAWk2qx8Qttw0knR
Stunna 4 Vegas,44IvvHRk2XF243QLA2VOa8
Zuna,2otUckChxWf2cp6UP2cD6e
Bad Bunny,4q3ewBCX7sLwd24euuV69X
Camélia Jordana,2XkCa3HcntokIgOP5N3QO7
Koba LaD,1q7T9rFQ2a2ukA1PU51fo3
The Weeknd,1Xyo4u8uXC1ZmMpatF05PJ
TINI,7vXDAI8JwjW531ouMGbfcp
Loredana,2Im8m4STDBosjfmb5hmP80
Sofiane,6qFt3TjvxMt77YGsktWG8Z
Justin Timberlake,31TPClRtHm23RisEBtV3X7
Landy,2EFpb61Lpi0l5ldOiqbZkK
Fmg,2cZwVNd4sK0CCJ6BqY7U9H
Ed Sheeran,6eUKZXaKkcviH0Ku9w2n3V
Dinos,1QPdp5duV6lV4XINCzjwQ2
Gaullin,1aQwKFn00nswXRDUDipm0K
Louane,7wjeXCtRND2ZdKfMJFu6JC
Not3s,40NRiKuuhj1pgGYppptlBO
Snelle,3E31HqA00iCX9nRhesw6LD
Sinan-G,5hNRMsMMDlMIvEwu4UvjQO
Zara Larsson,1Xylc3o4UrD53lo9CvFvVg
Niack,5uYe4bcAXlMP7d4mrOYkML
Sero El Mero,5D9gbPVm2Y7DcPbqG0ueS9
Kasabian,11wRdbnoYqRddKBrpHt4Ue
Sadek,63MCBZRiUdnqRsAOJwijiB
Lil Skies,7d3WFRME3vBY2cgoP38RDo
Jan-Marten Block,5fISRashl2LHMXjwqNqedz
Giggs,3S0tlB4fE7ChxI2pWz8Xip
Marwa Loud,46wEUZyujVrFSrdCnTKQmV
A$AP Ferg,5dHt1vcEm9qb8fCyLcB3HL
Ashnikko,3PyJHH2wyfQK3WZrk9rpmP
grandson,4ZgQDCtRqZlhLswVS6MHN4
KA,7DpYMZzVNrjqw1geHziUEd
Kontra K,4lDiJcOJ2GLCK6p9q5BgfK
Amir,6rl53MP8HSoiugpqzA50Zh
Carnage,7CCjtD0hCK005Bvg2WG1a7
浜田雅功と槇原敬之,4HpuqKQHqARnApVbuTfUXH
Capo,5y9wg9qkGBl0n9v9RzaPKu
Lil Uzi Vert,4O15NlyKLIASxsJ0PrXPfz
"Baddiel, Skinner & Lightning Seeds",3LtYMPncqtiugGwOuuLq3h
Carly Pearce,4sIl4BTo9l9KqEi0Y3RE72
Metro Boomin,0iEtIxbK0KxaSlF7G42ZOp
Imen Es,7CW7QdOgRStOg7JktRuZ3E
Veysel,4VuARVJiWGsH2msKTdsKdQ
Helene Fischer,7MzHPIXAqIOCnvK0sVY72W
Yung Kafa & Kücük Efendi,5mPOOZTRDsRf0iIXixzfgn
Ella Mai,7HkdQ0gt53LP4zmHsL0nap
SSIO,3IrUyDPQlQFcB5lMWhPml2
LouiVos,0lzYw5xI9jgMg8O5i4bTre
Perfume,2XMxWKPKCxoLkSdpCViCnr
Beyoncé,6vWDO969PvNqNYHIOW5v0m
Miley Cyrus,5YGY8feqx7naU7z4HrwZM6
Alkpote,0QcZD8V0Ug1KINWBSyG0dB
Bruno Mars,0du5cEVh5yTK9QJze8zA0C
Florida Georgia Line,3b8QkneNDz4JHKKKlLgYZg
Soolking,0GgY7hjMoGDsX8ZDe2mwds
VIZE,09agIJMxCD2k87ys9Al0f0
Bramsito,1WDkNp8Duv9QhO246S4dDa
Hornet La Frappe,1kwzW1IszUiq4Gs9BFesvW
Kiiara,4u5smJBskI6Adzv08PuiUP
ONE OK ROCK,7k73EtZwoPs516ZxE72KsO
JoeyAK,4iCzh7b2cLbHVsPOwhr8W0
Vegedream,4eYnorQRhVHT2KBl2UyHHd
Nas,20qISvAhX20dpIbOOzGK3q
SpongeBOZZ,4lAjitjrUJgjJgEVj2CwFc
Kodak Black,46SHBwWsqBkxI7EeeBEQG7
badmómzjay,7oWrEQO1d3klp0Qrfh7a5h
E-girls,6CKN3GUiWMrESH1RKn3ecz
Dean Lewis,3QSQFmccmX81fWCUSPTS7y
NiziU,3z8diLlUCkN1j9N9ZdnfBJ
Rita Ora,5CCwRZC6euC8Odo6y9X8jr
Wejdene,1SxuyHZnLUFyFHGzdGaxZk
Souf,2tsnxjntsRI6iFL9ZeC0ec
Jamule,4sVieJlKgpZ2k9ESNS5IdN
Armoo,6U5q52OFnYBPAB4NQZDhCR
Suzan & Freek,77IW5ZK1smDQYYKDCQugXh
Mac Tyer,1PTl9q5EaEZejVGts7MBLN
Fler,75ctWsRuGXmxMxnFPkuEwA
RAF Camora,0Dvx6p8JDyzeOPGmaCIH1L
Flo Rida,0jnsk9HBra6NMjO2oANoPY
Caballero & JeanJass,1mMUzAMrNqoTHgtxA0dZi6
Momi,2Vd0bXoPtbTy5T1T2aa5hY
6LACK,4IVAbR2w4JJNJDDRFP3E83
Superfly,5M8AXrOifBT8elkLKbGPQZ
13 Organisé,19u3RGWKsjmbg9eI6zAiNp
Tyga,5LHRHt1k9lMyONurDHEdrp
Kevin,0IxgA9wO4Op3CSnPlhfwV1
King Princess,6beUvFUlKliUYJdLOXNj9C
Imagine Dragons,53XhwfbYqKCa1cC15pYq2q
Apache 207,1qQLhymHXFPtP5U8KNKsm6
Summer Cem,3drqpTL4sQOckmAfF9i1wg
HIRAIDAI,7JthQ6zwNzfxRfIEjp6wUs
NGEE,3Hvx3BM0K4FHBs9J3k8G6V
Astrid S,3AVfmawzu83sp94QW7CEGm
KYLE,4qBgvVog0wzW75IQ48mU7v
Toby Romeo,2XnY6NZ6rENbLMYabjkRey
IZ*ONE,5r1tUTxVSgvBHnoDuDODPH
Macklemore,3JhNCzhSMTxs9WLGJJxWOY
Lujipeka,1eTRyiHsWMoWKPD6s4Kiqt
TWICE,7n2Ycct7Beij7Dj7meI4X0
Alpha Wann,7yeFMUrYTY5cAZx0GKXnti
RADWIMPS,1EowJ1WwkMzkCkRomFhui7
J Hus,2a0uxJgbvvIRI4GX8pYfcr
KILLY,0gCGZZ1Ibo5QsOnll977PD
Boomdabash,4mAsWDGLUIEdo6imU77WG6
Kinderen voor Kinderen,7evlWm7RyagYqxSQN5E6UN
Joni Mitchell,5hW4L92KnC6dX9t7tYM4Ve
Anne-Marie,1zNqDE7qDGCsyzJwohVaoX
The Kid LAROI,2tIP7SsRs7vjIcLrU85W8J
Yung Felix,6J2bFI9tQDWfPHjoKHKrOu
Ronnie Flex,5eir5zFJpES4j7gsymbVyl
Vidwaan Boon,2xkB95KvNeniu5RTI7QopU
Bizzey,5GIcOzVFTNnzArytjmTkW8
Rap Nation,6KXLwLV4VV36g0ueE6p7t5
Krept & Konan,31lnFZEM6ysvjOx59VyxRE
Eva,5nH2klYTzn8CNvUv1GOGQO
Daft Punk,4tZwfgrHOc3mvqYlEYSvVi
Sigala,1IueXOQyABrMOprrzwQJWN
Lil Peep,2kCcBybjl3SAtIcwdWpUe3
K.I.Z,0bMt8SJlp0gFRUufzifS05
Niall Horan,1Hsdzj7Dlq2I7tHP7501T4
The Carters,4fpTMHe34LC5t3h5ztK8qu
Sub Focus,0QaSiI5TLA4N7mcsdxShDO
Dynoro,3v6Ji4uoWtKRkhuDUaxi9n
Heuss L'enfoiré,3YwqjMyrRfuixi2pbgTGCE
K-Trap,39XT9gMoNmMCOlvTTR273m
Sero,33qje3nPM5TBq2aBFny5IT
miwa,3R3WEsfL1WC1zLiz3XG9K5
Dexys Midnight Runners,4QTVePrFu1xuGM9K0kNXkk
MC G15,3Nipsl6GVwwGyeAk0J29C6
Romeo Santos,5lwmRuXgjX8xIwlnauTZIP
Travis Scott,0Y5tJX1MQlPlqiwlOH1tJY
MocroManiac,1n34ZpZX4OCwbuyo9mnfU8
Dj Quick,4tjoob53d4b26AjGJ49kuF
Skepta,2p1fiYHYiXz9qi0JJyxBzN
SOIL & “PIMP” SESSIONS,5COMNbVWoe1Kb5UTFAaUwF
Sam Feldt,20gsENnposVs2I4rQ5kvrf
J Balvin,1vyhD5VmyZ7KMfW5gqLgo5
Rilès,6pdcQa7by8IKuoVXvgknlI
LA$$A,36WPIJMvnC1lSvjwMHrGAR
6ix9ine,7gZfnEnfiaHzxARJ2LeXrf
ONEFOUR,6kQfGeicc9EiQMzAYX0f9U
Maty Noyes,5JSXWmQO8csVUy6hSRu8TA
Jain,2HHmvvSQ44ePDH7IKVzgK0
Lil Nas X,7jVv8c5Fj3E9VhNjxT4snq
SDM,0LKAV3zJ8a8AIGnyc5OvfB
Christopher Martin,3dXC1YPbnQPsfHPVkm1ipj
Tiësto,2o5jDhtHVPhrJdv3cEQ99Z
S.Pri Noir,5olcgTzelGdyP1rHRLyWgs
Billie Eilish,6qqNVTkY8uBg9cP3Jd7DAH
Asche,4422XPmmt7lJGKjYbYSI6B
Fally Ipupa,6IflU2YrY5Cyw7YoBICosV
KASIMIR1441,7ADRm1oT7VmhRRZrZqycV6
Bilal Wahib,5wV3FoaNbDB6X9INuQvs1K
Henkie T,3n51Vz9Zb9aFmoXmXZ50El
J. Cole,6l3HvQ5sa6mXTsMTB19rO5
Tur-G,3ront3zvcdInux0rUVQLF2
JP Cooper,4kYGAK2zu9EAomwj3hXkXy
Big Sean,0c173mlxpT3dSFRgMO8XPh
Amy Shark,2DORQjKJVYZMx9uu82UGtT
Lijpe & Ismo,5qeSCSYs40ft9m5FCOXZL0
Nass,2vmQP2rkDh9bcyzhP1YVKU
Migos,6oMuImdp5ZcFhWP0ESe6mG
Grouplove,3kVUvbeRdcrqQ3oHk5hPdx
G-Eazy,02kJSzxNuaWGqwubyUba0Z
Kinderliedjes,5NIQNYb3j3WtX4ZKnLNajy
SEKAI NO OWARI,7HwzlRPa9Ad0I8rK0FPzzK
ITZY,2KC9Qb60EaY0kW4eH68vr3
The Pussycat Dolls,6wPhSqRtPu1UhRCDX5yaDJ
HY,3x621ItlHMtX7mrJ8QnEjM
Guus Meeuwis,72qVrKXRp9GeFQOesj0Pmv
Endor,6F3vLfyutkUhpM50G84eMt
ABBA,0LcJLqbBmaGUft1e9Mm8HV
Tabitha,7iBY1RLWDV5zX9NDNQxurm
Julia Michaels,0ZED1XzwlLHW4ZaG4lOT6m
Maroon 5,04gDigrS5kc9YWfZHwBETP
Maluma,1r4hJ1h58CWwUQe3MxPuau
Johnny Hallyday,2HALYSe657tNJ1iKVXP2xA
Agust D,5RmQ8k4l3HZ8JoPb4mNsML
Pashanim,34LetYSjEuG2fBb4Z8PwPg
Celo & Abdi,48Fq6GV3S6on56TxSBu5NO
George Michael,19ra5tSw0tWufvUp8GotLo
WANIMA,6YqdtpUutxodni6lUD4stM
Fero47,4A7HeXSd4HtQuf6IR5XZ1b
Ken Hirai,6jIhEiXcCAyBsuEI7qZ9vc
Alrima,2XyVj5qsjy87RPXk1O5if3
Avicii,1vCWHaC5f2uS3yhpwWbIA6
Samo104,6Cw4b0HJcYPaG1ik1tpdZa
Möwe,4S8NmgM7oJ188sKp1waZpy
Regi,77ehFS1P2bU6Bfcs1qu6Jd
Diplo,5fMUXHkw8R8eOP2RNVYEZX
Spanker,6wMnkPepu5AcV3w9rtIw09
Tobee,5HvFk00KrkDIPJuzSLFd0r
Soprano,2RJBv9wXbW6m539q9NOfW1
Ty Dolla $ign,7c0XG5cIJTrrAgEC3ULPiq
DTF,37ioGUZGhKk7VjWIocx8kM
Lil Pump,3wyVrVrFCkukjdVIdirGVY
Koomz,4I53vdZJP1OzinYf615C62
Philly Moré,3GL6hDzc8ltMMIl6gOTWIT
Rich The Kid,1pPmIToKXyGdsCF6LmqLmI
Yuzu,7lNFzeAXmSIKexINNgO6bu
Noah Cyrus,55fhWPvDiMpLnE4ZzNXZyW
優里,0ixzjrK1wkN2zWBXt3VW3W
Idina Menzel,73Np75Wv2tju61Eo9Zw4IR
Sunny Day Service,4cSyPcpldERtF4eL3NB9dn
David Guetta,1Cs0zKBU1kc0i8ypK3B9ai
Swarmz,2yPprAQlrIQWu60g09B9MZ
Hozier,2FXC3k01G6Gw61bmprjgqS
Tame Impala,5INjqkS1o8h1imAzPqGZBb
Marco Borsato,3D2GUXbtlL3r2d5HJEnsFD
L'Algérino,7kyIBL1EYouLqC8vw7IOui
Bigflo & Oli,5mmEMfYChd6MImBagU7zCs
DJ Snake,540vIaP2JwjQb9dm3aArA4
Kris Kross Amsterdam,4LcUpNlXFEleaLlelmkv2R
Ozuna,1i8SpTcr7yvPOmcqrbnVXY
All Time Low,46gyXjRIvN1NL1eCB8GBxo
AK AUSSERKONTROLLE,07SFzTMeYf5P8Rd32a9Zzw
Liam Payne,5pUo3fmmHT8bhCyHE52hA6
Maan,5vmwWgrlwCfHm1P0vdDFbU
Quavo,0VRj0yCOv2FXJNP47XQnx5
Mrs. GREEN APPLE,4QvgGvpgzgyUOo8Yp8LDm9
Carlos Vives,4vhNDa5ycK0ST968ek7kRr
Kynda Gray,3LPEGy5eAGPgKYJVrkRuSX
Alan Walker,7vk5e3vY1uw9plTHJAMwjN
Gen Hoshino,1S2S00lgLYLGHWA44qGEUs
Naza,7xNYY1Zkb1vks5m9ATlJok
Jeremy Zucker,3gIRvgZssIb9aiirIg0nI3
Scouting For Girls,2wpJOPmf1TIOzrB9mzHifd
KitschKrieg,5tHiL8SKSaZGMBUPIiSmX4
Broertje,0906u9DO6IhSeFljQ7AXHZ
Dhurata Dora,6t7U7sYlVCtlMWzbecJcHd
UVERworld,6m14xgA0m3w92UM7ujJgky
Bosh,6Mm2g25BTeJ6BICPFWGkPg
Monet192,60uPSVM3svOL8kZ3Wkb3Zw
Kidda,4OtcoXGM3abQUnErfCczaj
Gerry Cinnamon,7cpCnhhBIU1gA7EhTFApN1
El Profesor,2gTcdmBwgyh3EORKIXCzlw
Olexesh,2Z9KL8Zmqx5Sg3cd7Fldhl
ValsBezig,4tGJvDWhLFxzKRi94gc4a4
Loyle Carner,4oDjh8wNW5vDHyFRrDYC4k
YoungBoy Never Broke Again,7wlFDEWiM5OoIAt8RSli8b
Mikael,5PLCJ2Wlc2BV0d4gCYdRTc
G Flip,4SdIXLzfabqU61iK7SnKAU
Jack,7CIYYEGtuTl0sjwEY8ihGh
Keyakizaka46,03E7w8NrBr4lNCK33TQyil
Pierrii,2Muef9e20frSc14ocV9TQU
Suchmos,0O0hxUrO2PKxZknken3R24
Bilderbuch,2ErWLckuGFl84nGmg5fwyG
Lomepal,1Yfe3ONJlioHys7jwHdfVm
Tee Grizzley,6AUl0ykLLpvTktob97x9hO
Darryl,5DfAmTDpY9atls7sejWX5x
Luke Combs,718COspgdWOnwOFpJHRZHS
Darkoo,4QSTyDpxsKmv3UfavVUImR
Flight Facilities,1lc8mnyGrCLtPhCoWjRxjM
Kamaliya,0zW1Z8MPCF2XkoCLjH5JzE
Madison Beer,2kRfqPViCqYdSGhYSM9R0Q
Jake Owen,1n2pb9Tsfe4SwAjmUac6YT
Djadja & Dinaz,5hREZP0zTQbTLkZ2M8RS4v
Hatik,05hirnMeVIzCrcUxbrysZU
Major Lazer,738wLrAtLtCtFOLvQBXOXp
Milky Chance,1hzfo8twXdOegF3xireCYs
Gavin James,25tMQOrIU4LlUo6Sv8v5SE
Lil Yachty,6icQOAFXDZKsumw3YXyusw
Namika,0HSc7yUdNSosxRb2UJnXlz
A Boogie Wit da Hoodie,31W5EY0aAly4Qieq6OFu6I
Prince Royce,3MHaV05u0io8fQbZ2XPtlC
Krezip,0ZLfGbfO9xjpfna1pN8BeX
Bryson Tiller,2EMAnMvWE2eb56ToJVfCWs
Hooss,3p4FNslxuuEYSEnMsx4YI1
Esko,0rQ69yrbz7CeUmXUn1beIj
DMX,1HwM5zlC5qNWhJtM00yXzG
Shindy,5j21TGkrNEAJe3gG9VlS34
Jaap Reesema,5WxnXxSCyhDSyi6elhBZd4
Don Toliver,4Gso3d4CscCijv0lmajZWs
Ryan Gosling,6kXm2YCtdUOpRYNKeKhfue
Gringe,4oVERQ0AxzzQ4zip1nMKlt
Hypnosis Mic -D.R.B.- (MAD TRIGGER CREW),712hLiKHkzJvum5zikt85g
Riffi,7rWuImrIbAa8XxwWVFWNoZ
Octavian,5zfEatKLDdRkgbw6sdLBAQ
Vic9,7FGPqGAnNztJ6mQniyFLt9
Nafe Smallz,3dKjmeRZcSUw617CoMzEA0
Roméo Elvis,2pHk4wAmL7ofTAuvCIUWtv
Ricky Montgomery,0ZUvK7zGdXLd78mQr3t1Tw
Smokepurpp,21dooacK2WGBB5amYvKyfM
Shablo,6hkKbkZGvAXuvle2FhCnxy
Paramocro,2POj5DK9ZiqcLkeTeTjH7b
Lime Cordiale,6yrtCy4XJHXM6tczo4RlTs
Thelma Plum,0C6qzW0Am8OVyHSoT57fnC
Foo Fighters,7jy3rLJdDQY21OgRLCZ9sD
KM,0MSYpagcvnSP2o91Ji2OCw
Die Ärzte,0cbL6CYnRqpAxf1evwUVQD
Milonair,6AZfDB8isLU2sHkSm3sRhX
Maes,6L34dW6SKMSDaGIfYDU19j
Hardwell,6BrvowZBreEkXzJQMpL174
Azet,39KEQQAG9JhIt71g9NEVhh
Official HIGE DANdism,5Vo1hnCRmCM6M4thZCInCj
Aimyon,5kVZa4lFUmAQlBogl1fkd6
Famke Louise,4Dm1MX4VPbtLssAQeBhHFo
Winne,5cMMheSnLhCt0YdwFkp3R9
Dragon,622HMYOaiqowUmcd5t3b7t
Soso Maness,0oeiA5U9u1U45Gos5cywUU
The 7 Dimensions,0ndx5h8ixiRvi2YmWlfbxH
Zola,54kCbQZaZWHnwwj9VP2hn4
Minitrapper,0N9SvWNJmb5id2UmjWu1X0
Halsey,26VFTg2z8YR0cCuwLzESi2
Jonas Blue,1HBjj22wzbscIZ9sEb5dyf
Irama,5iot8OPcosJN9nCl7I5SdK
ARASHI,1XYuC1vxinTjHCNd5clB8C
Gryffin,2ZRQcIgzPCVaT9XKhXZIzh
Miksu / Macloud,76dRoxKtDwYkgCQePok9cU
MHD,4WnAHZz1pgl8hus8hidIRV
ELLEGARDEN,3cbd5GWGOknxmFAe77MDbk
Dermot Kennedy,5KNNVgR6LBIABRIomyCwKJ
Machine Gun Kelly,6TIYQ3jFPwQSRmorSezPxX
O.G.,5QZJttrSLq4WJL9Vb1MgFq
F1rstman,0IA4SdCS8HBDX6oBoOlgaf
SPITZ,5kjGRHClVacSyllOUqU1S0
Chris de Burgh,2RpHsROrX075xfIwHn6B2U
Benab,0qO3t2MHM5NIEJ5fw9VndY
Thomas Rhett,6x2LnllRG5uGarZMsD4iO8
Sääftig,4q3hVjQ64ODTveUdXsy2Jw
reezy,1ul8iLt2WnFe2UIyovjg7q
The Ronettes,7CyeXFnOrfC1N6z4naIpgo
Bryce Vine,1ShZZUjkbXCjhwrb18BA8I
Tayc,7gU9VyFRN3JWPJ5oHOil60
Jireel,2EWsHDexsSInArfFkhA2i6
NLE Choppa,0ErzCpIMyLcjPiwT4elrtZ
RIRI,2UmhByzSum8X2lQZ7pWvWp
DAT ADAM,28gHcaI0rBIqOYmDRx5AnP
ZAYN,5ZsFI1h6hIdQRw2ti0hz81
Jeremih,3KV3p5EY4AvKxOlhGHORLg
Coleman Hell,3q9nybxzbSHsesDBHUlP4c
Young T & Bugsey,6M6XXCcO5gI68XpIlrUL3Z
Left Boy,2gIGkRqCo4NK2PUCI8u4aQ
TK from Ling tosite sigure,3B9O5mYYw89fFXkwKh7jCS
Pardison Fontaine,7Gkyjs2OYQpJdOvvmwIz2Z
Ricky Rich,1gm1katIowFM22Ldqcw6DK
Pop Smoke,0eDvMgVFoNV3TpwtrVCoTj
TOKYO’S REVENGE,5TbLOwv8BNnik3f03NZJlt
Felix Cartal,6roDXEmZ6AARdOUv6x5U2v
Da Beatfreakz,3Q8Ow3li2nXzZhRPHMwR7h
Joji,3MZsBdqDrRTJihTHQrO6Dq
Data Luv,2gtmbs0Uas9TBSMqkA4zjE
BRVMSOO,4IAqcSIINRfPQC57mgYhW2
East 17,6lOC7lwSO1ql4Gc2Y3QObY
Gucci Mane,13y7CgLHjMVRMDqxdx0Xdo
Masaki Suda,6n4SsAp5VjvIBg3s9QCcPX
Frsh,19CxlXaWOlZh2pqZrJlHxN
Milow,6mo0UbyIvIePdXNyLwQlk5
Ayumi Hamasaki,3Mvc8kRgr8LRYYgvFmlZqn
Kawe,1TYJOhNSxMOODWiDVhuyZb
P!nk,1KCSPY1glIKqW2TotWuXOR
Trailerpark,1eeWVOCazGzGQXOGhnDHTB
Claire Rosinkranz,3V0ZQW0dNuVaFtbVYgSI24
Donnie,2ylIKKdMukkuprCgY4ZDFE
CHO,0YPIovtLh5msFPFuCcn30R
AmPm,5Xcbv83o11Ez2XPHa1n8Pf
ROLLÀN,3sQYZrIBmLAuNc7tsLtkka
Rich Music LTD,2kqUKsTuEj1lPbm6BSn1AU
Nakry,1uS3NoifQsUXbWBOF3xIPg
Axwell /\ Ingrosso,2XnBwblw31dfGnspMIwgWz
JAY1,0BKx4UjPvXVGY15u0xFbbi
Ardian Bujupi,0pOruKWwgyqSLZhn4Xovs9
Tion Wayne,7b79bQFziJFedJb75k6hFt
Bazzi,4GvEc3ANtPPjt1ZJllr5Zl
GReeeeN,14T8NkbwXVZgbOvwnuGV89
Ariana Grande,66CXWjxzNUsdJxJ2JdwvnR
OBOY,66Ok6bgC570sHkw08N20pZ
Doja Cat,5cj0lLjcoR7YOSnhnX0Po5
Tibz,2fAaFNSG0aQucjQigOtHZF
Jaykae,1sLYZv95ZXwVfyGHan5w45
YL,2k8fAJK9HbH1FhqVpZL98P
Aled Jones,1GeaYVIXCzBwEbjAvv0NYn
Offset,4DdkRBBYG6Yk9Ka8tdJ9BW
George Ezra,2ysnwxxNtSgbb9t1m2Ur4j
ZUTOMAYO,38WbKH6oKAZskBhqDFA8Uj
Demi Lovato,6S2OmqARrzebs0tKUEyXyp
Chip,0tJCNteqwm7LmRZ6KWr8GT
Wolfine,2OnKRchqP7tT0FzTvWIFI7
Creepy Nuts,0pWR7TsFhvSCnbmHDjWgrE
Foals,6FQqZYVfTNQ1pCqfkwVFEa
Emma Heesters,3898xesz6JuQkpz7Kiu4uM
Fynn Kliemann,2YIxQoGvBukvoC1CbJ7opS
Camilo,28gNT5KBp7IjEOQoevXf9N
Aya Nakamura,7IlRNXHjoOCgEAWN5qYksg
Lauwtje,1yWjbmwKNd1q0PI1V1BuQ7
Melanie Thornton,2apYMRrg5FxN4go0pfsCvf
BLOOM VASE,3jpPlA4ASvE9TlObazOIee
Bea Miller,1o2NpYGqHiCq7FoiYdyd1x
KIAN,1TulCA2zO3YxAjQ7ZsvtDq
Rae Sremmurd,7iZtZyCzp3LItcw1wtPI3D
Why Don't We,2jnIB6XdLvnJUeNTy5A0J2
Elbow,0TJB3EE2efClsYIDQ8V2Jk
Majid Jordan,4HzKw8XcD0piJmDrrPRCYk
Loski,5VNMclLseLzRnVhvkrqdpn
Arctic Monkeys,7Ln80lUS6He07XvHI8qqHH
MEROL,7J41Q5hdwuBgyVo7zGhPhO
PS1,7bZGP9ijvv55LOENT634Mj
Central Cee,5H4yInM5zmHqpKIoMNAx4r
Azad,7LQLsKs1Qulq0BxYdhRnBU
Eves Laurent,5QWQYxfuoNq7iJBlbIAYRS
The Blockparty,1zmmIiBBODh2QxbdUqYbdU
Meek Mill,20sxb77xiYeusSH8cVdatc
The Avener,0e6qzpphJHtObTSwD75mi0
Mau y Ricky,2wkoKEfS6dXwThbyTnZWFU
Tryo,4ZP3CHz28XWVLGiaVVWuLj
Qlas & Blacka,0ltU5V1lbLkZlgXrnCeGjx
Bag Raiders,6fXEqmGQEt6ONuqVmwrN46
Lucio101,4LwRgSkj7AJJTKLnEaHjMv
22 Savage,7x8MuRMbm9XIldHSJOtoNo
Clean Bandit,6MDME20pz9RveH9rEXvrOM
Chily,0mnNM5o7vtxo3ivC7Tmoah
Ra'is,6tekmZkCK5xHTIwWeqyr0i
AI,0aD7NQx7yauKlVDnqOxk6q
ItaloBrothers,5nkYRuiIHg2xXHFC8bfosJ
Fetty Wap,6PXS4YHDkKvl1wkIl4V8DL
JB Scofield,13eBAN8IqzICKLq1BzGmqj
Zion & Lennox,21451j1KhjAiaYKflxBjr1
Elias,4R0FKprdEeUIbzAwhrYTv2
Eno,3GBBxBdoolb0B5YizZq9bF
Nio Garcia,5hdhHgpxyniooUiQVaPxQ0
Fresku,5m1cLmgZIfEYPLejhLFR10
James Arthur,4IWBUUAFIplrNtaOHcJPRM
Dosseh,3b5bg1k6N9u31OtzSfK2dP
Larry,0YqeL4iGLLNiwRXZvew1TM
Sarah Connor,7e52Ytzjj1q71DUj2cSlch
Kalazh44,5sRQkVexJlax2iISuqL8cV
187 Strassenbande,2j2rh3oQh4QEUnNTDKYSJD
Quality Control,6i392l38cR3uBPF0DbNs7S
Summer Walker,57LYzLEk2LcFghVwuWbcuS
M.O,6Ur6METz02CC9zcJWDFicC
Olivia Holt,188VINPQh5dyNfLUkevKqf
The Cratez,3pVfscwg2QxhdHtk966inb
A$AP Mob,7yO4IdJjCEPz7YgZMe25iS
Sheppard,6VxCmtR7S3yz4vnzsJqhSV
ELIF,65AzRSW0jKSs0WtttEXrOw
Bicep,73A3bLnfnz5BoQjb4gNCga
Kianush,0t9IVyFGzH79wIFfhEXddQ
Cole Swindell,1mfDfLsMxYcOOZkzBxvSVW
Bokoesam,2NFWbreVmIEJG0iqIvLDOI
Lou Monte,7dbKeVkihtOifdiu7f3rUg
$hirak,1uUuCEXmWpKN2YLl5xSoT2
Tom Gregory,6Rmg5JiRphFMlhkwGNl9Fu
kZm,4hg5WX4ro6OVIg66dcYUk4
Jalil,6pBDI6JuD02u2ZpynOYhRg
Gradur,2tcoLkA9Hexz70Kuc1NTUl
AKLO,5fNuYnFYyzsrVRtDcKPnxb
Ryan Riback,33JQK4UoS2aMPYBfdB5Ftt
Awesome City Club,7jGn8qhLb48n7yMMNfAoHv
Anjulie,4DTbdShHu2RPYEEMUp2XWV
C. Tangana,5TYxZTjIPqKM8K8NuP9woO
StaySolidRocky,1XLWox9w1Yvbodui0SRhUQ
back number,6rs1KAoQnFalSqSU4LTh8g
MOMOLAND,5RR0MLwcjc87wjSw2JYdwx
Pizzera & Jaus,355ClqG0dW1RFLQ2kXloTp
Sia,5WUlDfRSoLAfcVSX1WnrxN
Dyna,0icP5fTpaY52Ll9QHNRrFT
Bas,70gP6Ry4Uo0Yx6uzPIdaiJ
Killer Kamal,7dIDQEphDdlOMuXkw6IGrF
KeBlack,7x3eTVPlBiPjXHn3qotY86
The Plug,5r3fI2q1YU3QyVP7oncOQ9
LUM!X,0TKFPt9w0AAEnhB9bd0pLy
Britney Spears,26dSoYclwsYLMAKD3tpOr4
Vaundy,2IUl3m1H1EQ7QfNbNWvgru
Rex Orange County,7pbDxGE6nQSZVfiFdq9lOL
iLL BLU,550Zxz0BTZi3yd8gX9QINw
NAVI,5DCwmxnCqNVMljhthee6ti
Luísa Sonza,4PzYKhC14sTJNEr0dzoo0d
Skiezo,5VL1Dsii72aph9qChrkuJC
Motohiro Hata,706WzkJEacBrtkHKRpBU2q
OSH,7KHHYdr41rIO5k4ENDbfNp
Moon Taxi,5DK8eK7fjvRsziXzyr3sFA
Leo Ieiri,1XErHyc10VN8bfGKma1Yyc
Jack Harlow,2LIk90788K0zvyj2JJVwkJ
Boulevard des Airs,6px2zTzjQAPLkuea5qQ2Gx
YG,0A0FS04o6zMoto8OKPsDwY
Yellow Claw,47z7ZrgFoBvVpCnElCE3Zh
Catfish and the Bottlemen,2xaAOVImG2O6lURwqperlD
Chris Rea,5KEG7G8LDYlHgFDqZyEEs2
Takehara Pistol,0IRFQcZbbHHpFY5EUNA2XA
Francesca Michielin,4jFlmD92WULLlaRS8Cj6QS
Snakehips,2FwJwEswyIUAljqgjNSHgP
Ashafar,438nTuoZFCZCyBl33jE9dU
$NOT,5IbEL2xjRtKsunfmsahLuO
Harry Nach,0NnUMWDCDi1snuMja6IdxH
Latifah,1a4DIEh9pp70HzDHgyjioB
Dorentina,4BMNa7OwCq14ikdVluvUP5
Yumi Matsutoya,1LQQtqc1vQ1neUgZrjYlEU
Jaden,0xOeVMOz2fVg5BJY3N6akT
Youngn Lipz,36PxHmbx5QrRTpuCaw4FuV
Ismo,2vRJ1xr5DT4PdBnM63DBJZ
Soufiane Eddyani,3g6GiVVg4ynji0D8f93bHZ
Cashmere Cat,2LZDXcxJWgsJfKXZv9a5eG
Clinton Kane,7okSU80WTrn4LXlyXYbX3P
Deno,58ICshZ0AgBMNJiLHK3U8l
Majestic,6QMABvTzixnxzsLYyhqRxI
Daniel Caesar,20wkVLutqVOYrc0kxFs7rA
milet,45ft4DyTCEJfQwTBHXpdhM
tofubeats,2FzqIT8JP1gd3Tlo6ix1fT
MAMAMOO,0XATRDCYuuGhk0oE7C0o5G
Sofi Tukker,586uxXMyD5ObPuzjtrzO1Q
Jon Pardi,4MoAOfV4ROWofLG3a3hhBN
Bill Withers,1ThoqLcyIYvZn7iWbj8fsj
Yungen,3ijd7T9kkzgvfx1az6Z3wj
Mariah Carey,4iHNK0tOyZPYnBU7nGAgpQ
Foorin,3h95Ve9m3Q07d8VG6V9hEU
EXILE,6zGmypGQUBXD4ZC9EbfMme
Djamila,2Dh0kFL1Dosd9G17HwrkKc
Gringo,5Sjj30aHCmKcM9SdVX7PBK
Slimane,4OV6uYSnHxSYkjDYuBVBUz
Pressa,5olrQpDroHT7sjmYWMLivy
24kGoldn,6fWVd57NKTalqvmjRd2t8Z
Kungs,7keGfmQR4X5w0two1xKZ7d
Musso,2FyxcdLSH7XqsfJE6Iu0tJ
Jowell & Randy,4IMAo2UQchVFyPH24PAjUs
LiSA,0blbVefuxOGltDBa00dspv
Taro Urashima,5RSxs4Rb82wINvjv5KJ7JK
Eiffel 65,64rxQRJsLgZwHHyWKB8fiF
Caza,1ImONfzw8LUXK6mxn2BDT9
Sami,0qD3G5J88kgYXjZSxJBgwi
Gorillaz,3AA28KZvwAUcZuOKwyblJQ
benny blanco,5CiGnKThu5ctn9pBxv7DGa
Poptracker,1R3V0zMaN332PUtQqhZLEk
Brulux,1LYOKaB67uPrzpNMIk10k9
RUGGED,7HVtSgsv5Ye0Y6ntC97jbW
Feder,5KnoVkIUGmK0PiDKMjz2LM
Ellie Goulding,0X2BH1fck6amBIoJhDVmmJ
Walk Off the Earth,6jEiUoyyJNPHzSR0Nib6HX
KAROL G,790FomKkXshlbRYZFtlgla
Sfera Ebbasta,23TFHmajVfBtlRx5MXqgoz
Xavier Naidoo,47RPLpnGhBRTjQrRBOev9s
The Partysquad,2dQgOfBP52UwjegY8FwJAY
Famous Dex,0WOxhx4hikIsyF3CRPLC8W
The Vamps,7gAppWoH7pcYmphCVTXkzs
Conkarah,7vPGzgDg3qGUY5bWtrO3K4
La Fouine,6QS84S3i4gwdEKqWoTtDLd
Kempi,0FWWBkIJD4tvlDzB4O8XT7
Take That,1XgFuvRd7r5g0h844A5ZUQ
サザンオールスターズ,79nkC8XZ5ohEVU0Xlf5Ael
Joker Bra,325L7kby6bkG5qSXXAFEWM
GASHI,0JOxt5QOwq0czoJxvSc5hS
Lorde,163tK9Wjr9P9DmM0AVK7lm
Lil Eazzyy,0rpUnzu4JIoRkKkGvdcm7b
Bandokay,0CqfkYr7CBuSySa4wUBChE
Shota Shimizu,2ZjWbNQAjL74Pf4aqikIz2
Bushido,3c96G4d2lUOxhomM2mby5S
Ingrid Michaelson,2vm8GdHyrJh2O2MfbQFYG0
Leon Machère,4NMbgO5NL6aXzSmQzAAYPP
4Keus,2LUi4eKMEFKFM4awgurcSs
Rolf Zuckowski,2qn4hIXsvRUyFoboMi31XB
Fard,7iZ5x5fwRwROoX3iRWpVgN
Disturbed,3TOqt5oJwL9BE2NG9MEwDa
Natalie Taylor,2WxjxdeF7GGdcCK276qViY
Justin Quiles,14zUHaJZo1mnYtn6IBRaRP
Emilio,1HFnM3rs2ZJWVL9q273DYF
Lil Xxel,7iDeMFJKjI1ak40N3hoYOZ
Dixie,3DKkhRCGOG4e8IUPYFPfWs
J SOUL BROTHERS III,1g51NlHKUXlgfvGP22m0uD
Yung Hurn,4PvnP3yCzrT289cX3wCdOx
Yxng Bane,5AbLpsnTQVNB3OEadYiVrK
Kelly Clarkson,3BmGtnKgCSGYIUhmivXKWX
Fujii Kaze,6bDWAcdtVR3WHz2xtiIPUi
Adventure Club,5CdJjUi9f0cVgo9nFuJrFa
Mitchell Tenpenny,1p6CdzJRoicjRcSdWoB9Qc
HRVY,28y6CyJNkGNjJQKrlx4AmN
ヨルシカ,4UK2Lzi6fBfUi9rpDt6cik
Julien Doré,6jStlKLflTMUN6BajxrNlj
PA Sports,2qMezKrAKRh2Z2uR3fCqHt
SEVENTEEN,7nqOGRxlXj7N2JYbgNEjYH
Jala Brat,6C1X5Uh3DPIkC2gaVq00BL
Vance Joy,10exVja0key0uqUkk6LJRT
Cold Chisel,1VcbchGlIfo3Gylxc3F076
"Tyler, The Creator",4V8LLVI7PbaPR0K2TGSxFF
DJ DYLVN,0UW6JJvOT28AEOnu9H9d5l
Symba,1VmIfQToGVtxmv2w3QtyVY
Galantis,4sTQVOfp9vEMCemLw50sbu
Nickelback,6deZN1bslXzeGvOLaLMOIF
Melo68,1ZWf8MWni6o8TptTBKk2ld
HUGEL,5PlfkPxwCpRRWQJBxCa0By
Fumez The Engineer,0ksX396B3t2Gt8kwr0BJZk
Seeed,5ISjkNS17JpCwiFtW80lpV
Seeb,5iNrZmtVMtYev5M9yoWpEq
Rambo,2PJOtFMkYPaqPSSQtdA9Yi
Kendji Girac,4IS4EyXNmiI2w5SRCjMtEF
Petit Biscuit,6gK1Uct5FEdaUWRWpU4Cl2
FouKi,3IMC79WXhjXUkDHhpsSN8n
Troye Sivan,3WGpXCj9YhhfX11TToZcXP
Vonneke Bonneke,4FG1eGySAGKqMWk2HiVyAq
Jayh,1eLxAzPSnsl03ajNNihddF
AJR,6s22t5Y3prQHyaHWUN1R1C
DODO,0Q73wiY36HDHHvxE9fAI95
DJ D-Train,5wUm5dmOSmUE7349HnN9is
Médine,1afjj7vSBkpIjkiJdSV6bV
Hugo TSR,4wuKH89QtnyauwNpBMp5RP
Christina Aguilera,1l7ZsJRRS8wlW3WfJfPfNS
VINAI,4mrBetqy378Jf1y6NLszlx
Wham!,5lpH0xAS4fVfLkACg9DAuM
Bozza,4WoSAKuoaPxrbwp3Y1PvKb
The Drifters,1FqqOl9itIUpXr4jZPIVoT
Charles Brown,3trsSEaKM3UM2R9RBJwdtJ
Kingsize,1d6XcWMNZgvbgs123LlFgJ
Dante YN,7oIvDwKGV2SuH4HJl0CKPp
Kesha,6LqNN22kT3074XbTVUrhzX
Masked Wolf,1uU7g3DNSbsu0QjSEqZtEd
alt-J,3XHO7cRUPCLOr6jwp8vsx5
M24,601bmA9VRZnMVclsxG7W6T
Hansie,3Xvu1Rur46ZO8HiE9hBuxl
Lorenzo,62zLrboqOTPyozwi721CVy
The Rubens,2hrWpLNoJcs1EnWSXvB6JI
flumpool,5Kpt1mryjiwHa9goYPQG1o
Young Thug,50co4Is1HCEo8bhOyUWKpn
Jay Rock,28ExwzUQsvgJooOI0X1mr3
Gambi,1lB3I3SI30v2ZOpR4XQqzJ
Sakanaction,0hCWVMGGQnRVfDgmhwLIxq
Miranda Lambert,66lH4jAE7pqPlOlzUKbwA0
Reda Rwena,1Sl3idO2XzH3AVb6nOjOxs
BangBros,6wcT500uQzB1eQ0XhAnnGv
Les Frangines,2sYOUJa6fNc4ke4Zo6EkZ4
LANCO,2lRH2dgU5Kk4Bc5phmII4T
Vitaa,0Ntl0oWMPWfBOoi9Qcr9ht
Michael Bublé,1GxkXlMwML1oSg5eLPiAz3
Ilse DeLange,3FTKP1k9VbOng3m1rgnsqx
The Wombats,0Ya43ZKWHTKkAbkoJJkwIB
WALK THE MOON,6DIS6PRrLS3wbnZsf7vYic
Elephanz,2CD8tl357w6zYA3XYuOJPO
Ramo,3eSn9mqkLzdmxzHJ9KDPmC
Rvssian,1fctva4kpRbg2k3v7kwRuS
Anderson .Paak,3jK9MiCrA42lLAdMGUZpwa
KIRA,384MAG8fZLUBFQoO2KgDVG
JAZN,3PP4drc6wQuyKstnJfXpu1
Daddy Yankee,4VMYDCV2IEDYJArk749S6m
iri,1mN9lPKzTRTOop4u7S1Uy9
Meghan Trainor,6JL8zeS1NmiOftqZTRgdTz
Mud,3cqIsBnzV3BabbPWKz8Txf
EREN CAN,0UwDgULqasKVT9gjTZsmIn
Cage The Elephant,26T3LtbuGT1Fu9m0eRq5X3
Cheat Codes,7DMveApC7UnC2NPfPvlHSU
Sasso,35B6bq5keTR1PYEahq1TAF
SHAED,3KwmxIhSe9UTSEF37kwngR
AJ,4fUHIq4b5WARbnYXe2UH2x
Reynmen,1Fg19vpUJpAAPFjnKaVYVW
Farid Bang,2JwyRtuXf2l6sTnSnGVIa1
Felix Jaehn,4bL2B6hmLlMWnUEZnorEtG
Vega,6F9QTYrJgiLY80BZGzWIHO
Remoe,2Q570lQPWiuP2dCOP69jO3
Lucenzo,5bv5RplEOwdCvhq0EILh9E
Russ Millions,3FoFW2AoUGRHBacC6i4x4p
Delany,1XTd9ZCFzkRPUoO9yHQAYP
FISHER,1VJ0briNOlXRtJUAzoUJdt
Trettmann,6QzzeKV0VcnT2vJMYDPuL4
Christine and the Queens,04vj3iPUiVh5melWr0w3xT
Fay Lovsky,2NEeqYen2FsMivq7JBIJiv
Cordae,0huGjMyP507tBCARyzSkrv
Vianney,4Nrd0CtP8txoQhnnlRA6V6
Chris Hart,7HKv46ONX5fJFCSygtx9R0
Stay Flee Get Lizzy,2oZq6t5DkE2BdGbD6x8RXh
Hayce Lemsi,3gz8sBWqcMQ0qsrZIoVphx
OneRepublic,5Pwc4xIPtQLFEnJriah9YJ
DREAMS COME TRUE,2mJOGcLR3aCHkM1uAF93or
KOHH,3MUcTGmdb4on8WHhIhPkzK
MACHETE,7Do8se3ZoaVqUt3woqqSrD
Vickeblanka,0PYPjvZaOa7bsCq26JOX8d
M1llionz,5ZD4VhNTUEnEBTlWQPeyzq
Franglish,4uJNQGa3L2frXDxwgouTIw
Columbine,5AAzeysphag0NxJxLbbVla
Joyce Jonathan,25eQCECJH4VTpBYV9jhpyE
Sheena Ringo,2XjqKvB2Xz9IdyjWPIHaXi
FiNCH,1ZyqnbV7Brg5LgyS4EZCUD
Yxng Le,3Ptyea6E1lJgg6W64f0OQa
Kings of Leon,2qk9voo8llSGYcZ6xrBzKx
Robin Schulz,3t5xRXzsuZmMDkQzgOX35S
Kanye West,5K4W6rqBFWDnAN6FQUkS6x
Lady Gaga,1HY2Jd0NmPuamShAr6KMms
tha Supreme,19i93sA0D7yS9dYoVNBqAA
John Mayer,0hEurMDQu99nJRq8pTxO14
18 Karat,5oWFxbBrbk2Mw86PLUg3OZ
sumika,0ySFZq3Wd0SQUyJUzmJAeb
Wes Nelson,4ktBrNjagCGftyuBLJkATq
Jason Derulo,07YZf4WDAMNwqr4jfgOZ8y
Brent Faiyaz,3tlXnStJ1fFhdScmQeLpuG
Cash Cash,1LOB7jTeEV14pHai6EXSzF
DJ Erise,5un78gf3HzGs8Kgeoflgna
MC's Jhowzinho & Kadinho,2Q4r4Epfaaho06ONTHx7OS
Lewis Capaldi,4GNC7GD6oZMSxPGyXy4MNB
John Williams,3dRfiJ2650SZu6GbydcHNb
Ayo & Teo,27mFvqQj8KpjmdKIqcw1mG
IU,3HqSLMAZ3g3d5poNaI7GOU
PRINCESS PRINCESS,2fpbR8VQWHUivTaeLTR5MJ
Noel Gallagher's High Flying Birds,7sjttK1WcZeyLPn3IsQ62L
DYSTINCT,1cKyknhftNKXCjMBd2hDrG
Vladimir Cauchemar,2V5xArcB3BGAHmwsK46tyU
Hiroomi Tosaka,4lsSLCTKrmfULsRivqAShx
UZI,5U05AU34EcZ8pfohg2dicI
Rod Wave,45TgXXqMDdF8BkjA83OM7z
Gym Class Heroes,4IJczjB0fJ04gs4uvP0Fli
MIST,63X1WKthLQidtqxxO2sgeq
Riton,7i9j813KFoSBMldGqlh2Z1
Pietro Lombardi,387fj6TuPJ3y2H8ViAm6r0
Bugzy Malone,4Dokdwa3WB7ilQ2c2qvIBL
Liam Gallagher,6sN51vEARnAAdBw1IKZ8Q9
A$AP Rocky,13ubrt8QOOCPljQ2FL1Kca
Aimer,0bAsR2unSRpn6BQPEnNlZm
Stef Bos,4Rw9pvzG1NLs1RbB8cxBfW
Tarek K.I.Z,0HXAyc6kXXdnrE8wdVwS5E
Jessie Reyez,3KedxarmBCyFBevnqQHy3P
Sjaak,2YjydjpJfm9VAtiV0XRmkm
Cosculluela,00me4Ke1LsvMxt5kydlMyU
Yo Gotti,6Ha4aES39QiVjR0L2lwuwq
Nat King Cole,7v4imS0moSyGdXyLgVTIV7
Normani,2cWZOOzeOm4WmBJRnD5R7I
Mister You,74YbW6s8CZdaYLxJU9HeS7
Busy P,3coXUO5EiwR37nzX4xWjIV
Dotan,1cwOthlzLBwN8Imbq7P71H
Pietju Bell,1u93ZA92GfXqLgNv4x8uJv
I am Aisha,1fTPAgBH6gCQZU9bBWVaOf
Pink Sweat$,1W7FNibLa0O0b572tB2w7t
Leafs,6Ul16nbSefjbgfpDz2k9il
Fatah,5tzrNHhl5pR4ljkkaz4DHN
HAIM,4Ui2kfOqGujY81UcPrb5KE
Tino Martin,0iVHnv2bQN5iee8J6iCVO4
Bokke8,742XDtXqGyHQR4D5wJCfmB
Benjamin Ingrosso,7jEEE187pVG6InOxn03oA5
SL,0wY1K9SgxbaRfoFRmSR5x5
Figo Gang,7kpbKPdmy6jHnsfTHdZmU7
Rammstein,6wWVKhxIU2cEi0K81v7HvP
Poo Bear,3JXpwnHbLvXxY99EuXqFPX
Bryant Myers,6w9ToX5slZ4uIdmD17hJ3c
Shakira,0EmeFodog0BfCgMzAIvKQp
AC/DC,711MCceyCBcFnzjGY4Q7Un
Joel Corry,6DgP9otnZw5z6daOntINxp
Snollebollekes,2DbTbUZFWbi3U3QzgJqU0V
Andra Day,1c4rxrxy8eDLvMVL1DTiBe
YBN Nahmir,3gGUMEwIX6XodWsYEvKSal
Zack Ink,7uaikZmOtxXTNe5kPWv5t6
Lucas & Steve,5wwneIFdawNgQ7GvKK29Z3
YONII,7H3TyvM3dpW78cru0Oaui9
BUMP OF CHICKEN,0hSFeqPehe7FtCNWuQ6Bsy
Novel Core,4CNZyuclyT33od27ZSjJMD
Kehlani,0cGUm45nv7Z6M6qdXYQGTX
Ali B,5quv5QEyL2XAloebaau69m
Dominic Fike,6USv9qhCn6zfxlBQIYJ9qs
The Prince Karma,6ew7qRw24oov125Oly8pFD
Guy Sebastian,5PjekOABtfU2Kwo0AHVmci
Jayboogz,5tTHX8CPiN6VMR8YEWecSS
Ava Max,4npEfmQ6YuiwW1GpUmaq3F
Moji x Sboy,4J3vhZNPel1Tyj2GHsXi6i
Black Eyed Peas,1yxSLGMDHlW21z4YXirZDS
Saucy Dog,4WqXqPmUuenMIr4QaFrZXN
Makkie,3ZwM56IXFGMIsUFK0GEygo
Ares,30WLe30YBfDFoIkJS0Tml9
Tones And I,2NjfBq1NflQcKSeiDooVjY
Purple Disco Machine,2WBJQGf1bT1kxuoqziH5g4
[Alexandros],1luOe8HkZQ7zwuaO2wuJqI
aiko,6TDMbiQCWeMClsMr9ORLRK
dutchavelli,2tPR06hLUvH5aIY3JXNIxY
Paramore,74XFHRwlV6OrjEM0A2NCMF
Desiigner,7pFeBzX627ff0VnN6bxPR4
88rising,1AhjOkOLkbHUfcHDSErXQs
93 Empire,6G2XHZtd6wJhEHtipzcpqy
Siboy,04AIS3XqFcq2k8w3Tx4AmU
Elephant Kashimashi,24ljrnVUlUZ2apxF6GZsrm
Garagen Larrys,2vrKdu8r7lKBR7Z553zwUp
Nullzweizwei,0TVANDORspsd2X7Gg9rhcW
WhoHeem,5KYEMMz9O9iLIESifKAEOp
Panic! At The Disco,20JZFwl6HVl6yg8a4H3ZqK
Ali Gatie,4rTv3Ejc7hKMtmoBOK1B4T
Russ,1z7b1Pr1rSlvWRzsW3HOrS
Money Man,3Rx4PJ7SP6unkOk5elPUK7
Kohmi Hirose,0jMZY406RfgjK6PFKIRfAv
Bon Entendeur,2lwjwKfYZCuPEJOo8t32CD
"Bobby ""Boris"" Pickett",42MRYPhQfcEXqb18dl5ERX
KALEO,7jdFEYD2LTYjfwxOdlVjmc
WILLOW,3rWZHrfrsPBxVy692yAIxF
Red Velvet,1z4g3DjTBBZKhvAroFlhOM
Rudimental,4WN5naL3ofxrVBgFpguzKo
Jamie Cullum,3XxxEq6BREC57nCWXbQZ7o
MISIA,3uyDATzOGjbGCts7v2eszk
Ketsumeishi,4FyAgiZa3q0eeljDvcOXFh
Jesse & Joy,1mX1TWKpNxDSAH16LgDfiR
Artistic Raw,2bPh6UXbS7wZ7tyN35kFEG
SAINt JHN,0H39MdGGX6dbnnQPt6NQkZ
Mother Mother,0e86yPdC41PGRkLp2Q1Bph
Ruth B.,2WzaAvm2bBCf4pEhyuDgCY
Falco,0hLd40hVpRDGENe4KGZLnW
Eko Fresh,7GaMopkesD4KK9dNbgyO5D
Yoshiki,2EWIKpC6npt0GTe1Cq1KDm
Dopebwoy,6OQggpm01CmAB717TKtDCr
Linkin Park,6XyY86QOPPrYVGvF9ch6wz
Royal Blood,2S5hlvw4CMtMGswFtfdK15
Lil Dicky,1tqhsYv8yBBdwANFNzHtcr
Train,3FUY2gzHeIiaesXtOAdB7A
Brett Young,0fiWOxhsBsQQvFDtxUQWo0
Elams,2IoSLl3tqYMq9DzR0d6NJN
JIGGO,5Pmsa0FeoMFWsjhpo2bIAK
Murda,2y1VzMKAa5nmfXKtJL9jnj
Labrinth,2feDdbD5araYcm6JhFHHw7
Mashd N Kutcher,0G5lZVxoMwoY8oV6zR8E7k
IliassOpDeBeat,7jlzu3WivGk7tszA2QUSxw
Nulbarich,2yPOqQXgXAw3TVjCNReIrD
Run The Jewels,4RnBFZRiMLRyZy0AzzTg2C
Sam Hunt,2kucQ9jQwuD8jWdtR9Ef38
Ella Henderson,7nDsS0l5ZAzMedVRKPP8F1
C ARMA,1wLLRA70itxEltujaQlLiT
PRODUCE 101 JAPAN,08W95PavXzyJenqF5bp386
Lele Pons,6i3DxIlAqnDkwELLw4aVrx
Elton John,3PhoLpVuITZKcymswpck5b
Lucass,5hBg0IBoDtkqR9mjsiyFni
Michou,1nODcAdzs2eLjAp6AsrMzA
Wale,67nwj3Y5sZQLl72VNUHEYE
Snow Patrol,3rIZMv9rysU7JkLzEaC5Jp
Huncho Jack,6extd4B6hl8VTmnlhpl2bY
Diggy Dex,4XQhU3S4TyPkiPIsSu2hmA
DJ Babs,0DrzKyq66BJLP9V5IjiE4d
Kav Verhouzer,1yYBD4cVxCxXQXi4QGZfSo
Glades,2IrIxkfver7SZcOsFC0l6Q
Frankie Goes To Hollywood,1mZu3rO7qSD09GdDpePHhY
Mr. Probz,33W1pnW9zScZtYTnAoWnOT
Flume,6nxWCVXbOlEVRexSbLsTer
Maestro,36qY2GiiA6O32e7iWGlrqF
Cochise,46HzS7yz0c9udVwtbHk1sx
Kekra,20pbz4TbpkBUr5JwYfGgPS
Paulo Londra,3vQ0GE3mI0dAaxIMYe5g7z
Joshi Mizu,03bmDyr8klGV17DKQnPZVA
James Bay,4EzkuveR9pLvDVFNx6foYD
blackbear,2cFrymmkijnjDg9SS92EPM
Moneybagg Yo,3tJoFztHeIJkJWMrx0td2f
220 KID,4Euia7UzdRshy1DJOSMTcs
Hoshi,7mPT6wrOjVC4visft9qpYQ
Green Montana,0zhMujl1yB8pkB023Qm4Y2
The Cast of RuPaul's Drag Race UK,7oNsk0nkBTccrd9DTdeiPc
Enrique Iglesias,7qG3b048QCHVRO5Pv1T5lw
Indigo la End,26ZBeXl5Gqr3TAv2itmyCU
Kenshi Yonezu,1snhtMLeb2DYoMOcVbb8iB
Lee Brice,5Zq7R5qmi58ByYyBQTlNuk
Rihanna,5pKCCKE2ajJHZ9KAiaK11H
Flipp Dinero,2HUwZ0kumzCSlhFcjFZfpp
Konfuz,0JHx4h8GAtjhmHMQ68iQiU
Alicia Moffet,5ph9A8j6xyDlLNZTqYgNV1
Davina Michelle,6OG9fZ1LKXyL0hShRmmnq1
Ofenbach,4AKwRarlmsUlLjIwt38NLw
ICE,2lijXumljJXXrdagON1wtM
和ぬか,6LesPuO1nhgJ2acJ4MjyBI
RAYE,5KKpBU5eC2tJDzf0wmlRp2
MK,1yqxFtPHKcGcv6SXZNdyT9
GoldLink,5XenQ7XfcvQdfIbpLEFaKQ
Fourty,1SnSPHBs8l5iAvoWF0aO05
Mimi Webb,3GxKJzJK4LpsYGXQrw77wz
Farruko,329e4yvIujISKGKz1BZZbO
Yssi SB,0o1hCS1PDOc1UtVrcXB9s8
Lennon Stella,1cZQSpDsxgKIX2yW5OR9Ot
Lil Durk,3hcs9uc56yIGFCSy9leWe7
Indochine,7knmbOGe07k85GmK50vACB
*NSYNC,6Ff53KvcvAj5U7Z1vojB5o
Jonas Esticado,22jNvLBrXGKr4CcV2tw8Ag
Sidhu Moose Wala,4PULA4EFzYTrxYvOVlwpiQ
CXLOE,6M25WWmNO7wK1DnKmd3z6R
ANNA,7K80yOTC0Id95gRaOxDG5u
1PLIKÉ140,4Ue6MAZqz18NlaOQomRXLU
Wanda,6Kg9EvjSnEm5swmrvWCJyB
Maxwell,0b62itBWBdLgiecXjXCqKC
Nina Nesbitt,7AzjETXRUKNRSJHMW9GIqd
Rich Brian,2IDLDx25HU1nQMKde4n61a
Architrackz,5YqXgMhzkUnyjYQGgoIvoq
Polo G,6AgTAQt8XS6jRWi4sX7w49
Ramz,6ywXRaHY7m2DJ0dd7CsLAB
Mike Posner,2KsP6tYLJlTBvSUxnwlVWa
Hiro,64XqdWjtYhfMJeQB7wtAwS
Little Glee Monster,2N19kPGlqKY8GiyE4DkAtp
Paul Woolford,4CA8PTrbq1l5IgyvBA2JSV
Klem Schen,2h5IzYxNFBtXa3PsnV370c
De Jeugd Van Tegenwoordig,1u7uShzlA1tXJeox3jMFPq
OMAR,0h0Iypw4Zpe2pWEKIS9So3
Geechi,30TCJAB49OXPfotwqvvB8W
MoStack,14H15rElxdGClICOZXEYHP
NOTD,5jAMCwdNHWr7JThxtMuEyy
PRIME,1FhFAnXsMLYJhRVBKvcdHU
Nura,3gkbRDj7pkIylWVBpRfrQf
Jessie J,2gsggkzM5R49q6jpPvazou
Zkr,2yJ6lsLqG06r9bckSTQRt4
Frosty,2uaGbYYR6MVKSR371T3a7p
Miguel,360IAlyVv4PCEVjgyMZrxK
Alvaro Soler,2urF8dgLVfDjunO0pcHUEe
Bobby Shmurda,34Y0ldeyUv7jBvukWOGASO
5 Seconds of Summer,5Rl15oVamLq7FbSb0NNBNy
Lyna Mahyem,0Yj3N31EWXHc6e3eDyJPLP
PnB Rock,21WS9wngs9AqFckK7yYJPM
H Jungle With t,5tzXe29CBmoCiUGwpfYAct
Deorro,6VD4UEUPvtsemqD3mmTqCR
Sigrid,4TrraAsitQKl821DQY42cZ
Charly Black,5sK8BsvyDl4TFA6KaBf8or
Remioromen,4Yz1LjHwgQ5DFWJrZL8bC8
Kina,4qIVPF0s71ZYW3qzhu5GkF
Sarhad,140rt2E4rTCFAA6R6cbyYb
Takeoff,3EW0kQ1skZiK1NHg3Spt9J
DJEZJA,6bJ0SXA2VXkqXpJBR2SQkf
BRADO,0Mh0QuhaJ6WIW0qrJwzMmt
King Khalil,08ao8gzTHBtNf5Laf9jjwR
Michael Calfan,4CuipEvwcoQggmCV8jpKF9
girl in red,3uwAm6vQy7kWPS2bciKWx9
Ski Mask The Slump God,2rhFzFmezpnW82MNqEKVry
Tyron Hapi,5aSBbBUbArJfyNKDg4KS1I
Madina,0y4l7r6TBlGR78AVAXdMuI
Mathieu Koss,4W6fwRbqEy1dfEoE6OCyZu
Martin Solveig,1bj5GrcLom5gZFF5t949Xl
Jon Bellion,50JJSqHUf2RQ9xsHs0KMHg
Lena,5slpk6nu2IwwKx0EHe3GcL
Bizarrap,716NhGYqD1jl2wI1Qkgq36
Lukas Graham,25u4wHJWxCA9vO0CzxAbK7
Surfaces,4ETSs924pXMzjIeD6E9b4u
Kane Brown,3oSJ7TBVCWMDMiYjXNiCKE
Black M,7lMgpN1tEBQKpRoUMKB8iw
Chef'Special,7IiSLreTg1of8dDwxwiPw3
MEDUZA,0xRXCcSX89eobfrshSVdyu
AMANDA,1vkYQMWQrfBzvXrMCwe50Y
Provinz,2f7f3AmL16mmiAmYnxmmfx
Don Khuma,0IsDyC7yhWO36zl3qlFzGH
Supergaande,1ZhwEGHgNZCnEFPrlWFTMM
Kevin Roldan,1RBzGO6Nm3uyhUSxP7EDWO
Casper,6UDhlW8uEVBBrqHS3RrKuv
Kate Winslet,7q6ozanpOpFUoe6jPQ0jVK
Ella Fitzgerald,5V0MlUE1Bft0mbLlND7FJz
Guizmo,6sYR8JTRUUUzSD9IydLhfG
Sech,77ziqFxp5gaInVrF2lj4ht
B Young,7JMwO9tyFPMsb2KnsJqZlp
Duki,1bAftSH8umNcGZ0uyV7LMg
Abel,4jZgb7ktwlvOA56nlmbaFH
16yrold,1TlOcOaTgKTolKfAUeMHgM
Alice Merton,7f0OLhGgBMX9fUjm1dcPip
Tranell,6UTEBlaB3i0kM4r5S0G0Me
BKO,3ZZlaq6tv1IcMjNtrZpsLd
Jack Orsen,7fNjr8ALzlbt9640bJKxTG
Anouk,6ltVunYjAAD70YtVO6rxvX
Peking Duk,0UZ1nu3kcdNlCoiKRjmSSY
The Prodigy,4k1ELeJKT1ISyDv8JivPpB
INXS,1eClJfHLoDI4rZe5HxzBFv
C&K,3eR0Jeo212WCF0Yyi46Pzj
Trey Songz,2iojnBLj0qIMiKPvVhLnsH
SBMG,3HL2hJ9MmM9eazDokIndkr
Banx & Ranx,2uFC1dAj5b0YU7vulKNZ0p
Jordan Davis,77kULmXAQ6vWer7IIHdGzI
CamelPhat,240wlM8vDrf6S4zCyzGj2W
Johnny 500,53phw2rwTqJEtpZ1LgsPgj
Welshly Arms,1xKrH6GSh9CJh8nYwbqW7B
Andy Williams,4sj6D0zlMOl25nprDJBiU9
bbno$,41X1TR6hrK8Q2ZCpp2EqCz
Sada Baby,2JSwnwAT1BupAQkhqcRCUw
ヒプノシスマイク -D.R.B- (どついたれ本舗),0TzkULUsbQERyIc1LUiqQY
Duncan Laurence,3klZnJvYGIbWritVwQD434
Ohashi Trio,5BANJdBRihIaUpzjqAec7E
Johnny Orlando,6aX6KqXgEcARRHwvWxHcFW
The Police,5NGO30tJxFlKixkPSgXcFE
Spice Girls,0uq5PttqEjj3IH1bzwcrXF
Blueface,3Fl1V19tmjt57oBdxXKAjJ
Mensa,70SvhGqakpocD7GxVYnnBC
Yes Mccan,4jZA2jnUB8cz6EgOto9sMS
TLC,0TImkz4nPqjegtVSMZnMRq
Edo Saiya,0PVPI2jOWDJtWpOxrXnT6F
Jay Samuelz,42Qsw9TK6ddPmWjiRGmi2G
Wisin,3E6xrwgnVfYCrCs0ePERDz
Cornerstone,0T2pagV88xmpZ37KkgKF4u
Rick Ross,1sBkRIssrMs1AbVkOJbc7a
Sebastian Yatra,07YUOmWljBTXwIseAUd9TW
SXTEEN,3vioxUBsBBi7pmXx4KG5Vg
Diva Faune,39l75cUNbVMpHgykQLyOUT
STUTS,0qC4CNzOUtgdmdVzRqCa1d
Angus & Julia Stone,4tvKz56Tr39bkhcQUTO0Xr
S-Crew,1HhXce8PpMmaKjBIWzAxWc
Taichi Mukai,2oNStf3CKKLM5lnzELWMcH
Yandel,0eHQ9o50hj6ZDNBt6Ys1sD
yama,7kOrrFIBIBc8uCu2zbxbLv
Conrad Sewell,1rw8ZTLnDHd74TWDDukjVi
Azzi Memo,477D3WI5iTnEmCOe7QFU5G
Creep Hyp,6POfB0fHdzXFLWL3RHxLv8
RIDSA,4TGltjqP0MQxdGeSIrM4es
André Hazes Jr.,5l2Xy4aUoJDRSpsYHyOumD
Jok'air,2kIs76sEGiulKeqetZq6ua
Topic,0u6GtibW46tFX7koQ6uNJZ
Christophe,6MmRTVIPIe35OsFqWgRKQJ
Avril Lavigne,0p4nmQO2msCgU4IF37Wi3j
Ødyssey,6qLB9SoM25z2JDFBcgvJ8G
Maggie Lindemann,0uGk2czvcpWQA383Im6ajf
Abra Cadabra,1ZHk8dteZz6Vi2HFp4hGoM
Florence + The Machine,1moxjboGR7GNWYIMWsRjgG
GENT,0UTkv1GEUZSPIVZwMFGtf3
Rockywhereyoubeen,5pieMKHiTXhVZEmlMT0ij7
Ingo ohne Flamingo,7lXp4ROmwdbOD7Q3P8sHLE
Faouzia,5NhgsV7qPWHZqYEMKzbYvo
Tropkillaz,5bzWtCkjIAMgN93gLt56SO
Louis The Child,7wg1qvie3KqDNQbAkTdbX0
OFB,0koPE9U3b5XYArKa7R2TLm
Metejoor,7hdCH3dJ27WvUbo00gAMwE
BLACKPINK,41MozSoPIsD1dJM0CLPjZF
Delil,1qE4CSDyGGLsSBOtlWoYqX
Burna Boy,3wcj11K77LjEY1PkEazffa
BLUE ENCOUNT,1CWmF1EcrKoWIbZt9Ivfg2
Gregory Porter,06nevPmNVfWUXyZkccahL8
Ateyaba,281AuR0rWkBECMeaAB0pSA
Big2,3B1Z5CuKo6kA4NzitgWwWV
NSG,31Ua7zSTJxegjyd49ujbSA
GLOWINTHEDARK,2gLZZdgHD8ZbSAB2qQkr3P
Jan Smit,7iR5h6yGnTiswjsmj624Rq
Lisandro Cuxi,18B188KE3gPEhXfx15XnhY
Sam's,3mvmdWXXKKpUrmYTvdALyS
The Jungle Giants,6wFwvxJkurQPU2UdeD4qVt
Adel Tawil,3rZBkgoRHG8M9jQL0QPNMi
Justin Hurwitz,2snm3HmsnDUDxbIChdl2Oj
Micar,3QqlKdJRY4IqUry390xfvJ
47ter,0aXaZj4wB5jLF2E2d8WEVi
Shotas,626MEj1uIFt7eZMSroO01a
Mötley Crüe,0cc6vw3VN8YlIcvr1v7tBL
CJ,7arQA31aZVS8yS6zUveWzb
Wiz Khalifa,137W8MRPWKqSmrBGDBFSop
Almklausi,3f56dbtoRz7bucWJUeofzK
Whethan,0vqJkZ0RpLZixt3lTmD8vP
Shay,3MNnSV5hDd2UzZzgqD8xlU
Thelma Aoyama,1AU9Y5Y2Taxe4yh7AI6JRD
Waylon,5iuXjsXsTXs8lwmqzsF6dZ
Woenzelaar,5q3cyUYQTJUOSZ6Sciduxv
Paul McCartney,4STHEaNw4mPZ2tzheohgXB
Rin音,2sd5k8N8cAOm6Q8OCcePw4
D-Double,7sgdV8Ka9ILeZdzSqjzItk
Youv Dee,5P3mgWx3KvnURMhlVm5pMS
Dimitri Vegas & Like Mike,73jBynjsVtofjRpdpRAJGk
MATTN,1RQ3ZwCNI7KniEKIN5kkio
Hedley,6Shas1ACrMl25XHgTrzxeo
AriBeatz,6cNWiizYLCClZdnIvqU968
Jan Delay,4KivBMgSnZ7hCDfPm46fKc
slowthai,3r1XkJ7vCs8kHBSzGvPLdP
London Grammar,3Bd1cgCjtCI32PYvDC3ynO
Eurythmics,0NKDgy9j66h3DLnN8qu1bB
Nienke Plas,5rAvD7H6mxJut208JT5KI4
Dennis Lloyd,3EOEK57CV77D4ovYVcmiyt
Ronisia,4krMq8pXkLVTGplpYgHlnV
Every Little Thing,7dZHl3ZmH21XpCwvcMlnml
Louis,6muVA9UXHqzL7ehpyKMS4G
Wincent Weiss,12xme1fwd3iGEW7rF9b6tp
Tom Odell,2txHhyCwHjUEpJjWrEyqyX
(sic)boy,19FI3bwyW062xAmEy3rzsk
Dj 4rain,64YajbnlaxCp4ZDtmGhEBA
Hypnosis Mic -D.R.B.- (Matenrou),3CzMFzHuMzbvcy0qhP0IHQ
Tiagz,4DMkrFIqGXLycc4YLYTn1i
Slavik,7qzdcfeW7JUQV3RkD4gPfv
Souff,3ywMYRcLXJiqbgUfcJZVbU
THE BOOM,3rj96ybf29aaJsJRg4Qci2
Morrisson,3bn93QEHOITZ4ARuiZdfRA
Monkey Majik,6U2dgcU46Iy9pF3RQBj5hG
Bartofso,5EBNHekbDwV3Q9POxvSMBI
Quinn XCII,3ApUX1o6oSz321MMECyIYd
KUMMER,2TiXt00aPsggbxZxL1RaG7
Miami Yacine,1XKjtpH5P81gpOXDB91IEB
Addison Rae,4gvjmrtzydbMpyJaXUtwvP
Benash,53loJtHWjCG1TyKarW2mzk
Broken Back,4nx8ehrFiCOmWgebUKshDV
Senna Gammour,0273LWgX2nK0wZTlstKHys
Gwen Stefani,4yiQZ8tQPux8cPriYMWUFP
MC Loma e As Gêmeas Lacração,6tdM5Njlln7nWkonCppW0u
Nathan Trent,6U4uEoS3ISgppqupG6GJoZ
Ghetto Phénomène,40fhusTxvAWqq7xKB2rlgf
Diddi Trix,52h6A1y99QgoEf5FzKEHs1
TK,5vnUF9uAL0ly7qw25ERLuC
supercell,4Mc3zbnQx4wRb0tYg7A8sG
Brothers,5XJlnf7mD44GXWHmRGxt0I
PLEUN,5mwcMzXAn2fReGFjXeGGsJ
Mike Perry,6lB8vOoI4DRrrVxXwuV19c
Naestro,3UP5WnnFrMhewKp7cGeqQx
LA Vision,02qlwM8fpqep7vX8KKEFmK
AnnenMayKantereit,23xqmJEN3oVxwzqtNIyR5m
Dalex,0KPX4Ucy9dk82uj4GpKesn
Luke Bryan,0BvkDsjIUla7X0k6CSWh1I
Genetikk,41LLNWUptvfbQ9Q7oCefmg
Leona Lewis,5lKZWd6HiSCLfnDGrq9RAm
Wildstylez,0wr85NuJuAYZsRzP1lJgiV
Robbie Williams,2HcwFjNelS49kFbfvMxQYw
KAYEF,4hXT6A14n901v8DU5Of337
Rene Karst,3upXQVqKZlTKRES3LQ9VjO
Salmo,3hBQ4zniNdQf1cqqo6hzuW
SHAUN,72nLe76yBFSlP6VBzME358
THE RAMPAGE from EXILE TRIBE,6E94YMM50nYraxpkixvQuW
Arizona Zervas,0vRvGUQVUjytro0xpb26bs
KNALLER,2ovH0tGdgfnM3OwsuJykd0
Lost Frequencies,7f5Zgnp2spUuuzKplmRkt7
Bastille,7EQ0qTo7fWT7DPxmxtSYEc
LANY,49tQo2QULno7gxHutgccqF
The Script,3AQRLZ9PuTAozP28Skbq8V
Alok,0NGAZxHanS9e0iNHpR8f2W
Harris & Ford,4FDj6mh458K7m9Txwyj2rt
The Cranberries,7t0rwkOPGlDPEhaOcVtOt9
Uru,6le80R1opKnTlP4o3KvA2k
Nijo,6Uk3Zz2HjBpOYQOgyzmnNS
Pedro Capó,4QVBYiagIaa6ZGSPMbybpy
Alex & Sierra,58MLl9nC29IXbE4nEtuoP2
Michela,1xoWYqTvsYArxO1Xge3TG4
Bakermat,3MyFDtqB80WZvbtCZRsekM
The Fratellis,3M4ThdJR28z9eSMcQHAZ5G
Sukima Switch,0wRzWf3I4lUl9hdFF5uL0m
Celeste,49HlOY4gkHqsYG9GCuhkcc
Alex Rose,2DspEsT7UXGKd2VaaedgG4
Arlissa,7wzaSKTsjE9HnuDuZTX452
Frank Ocean,2h93pZq0e7k5yf4dywlkpM
Dalton Harris,33jj0tW4yX7mnywIwPAtGV
Lunay,47MpMsUfWtgyIIBEFOr4FE
BLØF,0KQX2wRHV2VLjuscfJFNxB
ISK,1HH5TlkjRt2FG8dpkWNm5j
AYLIVA,2rEVnwCPBeGkWMv425KoG1
Nico Santos,3A9B6c1CrSPauiOblw7pWz
Dolly Parton,32vWCbZh0xZ4o9gkz4PsEU
Devin Dawson,2ySHS7UojGu20XfUPaBlyu
KANA-BOON,3PWp9R5HvbQgxI5KBx5kVd
CÉLINE,5ZYOlPpI9FZu2uIPkTB0UA
Blake Shelton,1UTPBmNbXNTittyMJrNkvw
Bad Wolves,0eI3X5rAzHRZVe5FPk4MN1
Sunrise Avenue,1osZFzamKEXNoYk7HzWbDe
Ocean Alley,18lpwfiys4GtdHWNUu9qQr
Madame,1vgQksyJ0IVz8y9XerEOy3
Cor,66wqVYADY665LeMxs8nlk3
Robinson,38CvLGTsjtoloDgv3OKQp8
Diego & Victor Hugo,3k68C6mNMJL6OaAdWeW2ZF
Ali As,5iBlCs0WwiMbr5zO6vPt5G
Sydney Yungins,7pqRrWbKf5yMxy79G3YdKc
Blossoms,22RISwgVJyZu9lpqAcv1F5
Alle Farben,61ipISvUVa5LkJlKZnm3Oo
Nirvana,6olE6TJLqED3rqDCT0FyPh
Takt32,1G7TGDJ01So6i6XNirnVS7
Sea Shanty,0mFdUcqo7TnJNeWxzqqJax
Diaz & Bruno,6FGZPlL2dhssxgQlpb7I7W
Jairzinho,4owt1GWUqAh4gsXT13roop
The Tragically Hip,0YMeriqrS3zgsX24nfY0F0
Eartha Kitt,1AwO9pWEBSBoWdEZu28XDC
Cadet,1Gm0kKaDx4GH6pQF88rjSK
Noizy,2SabhGDiBSyaM6QSuBUVqB
One Bit,7jlMwr0xUcRO1xS6WjkkUT
Riccardo,72IlzE8lIeI5W1C4RTZAGv
Moe Phoenix,0o0PoOOyXcmqcyVz8aSdYu
Luqe,60DyqM3ZxtTK7M5kIFUDbz
Street Rappers,1iPOay2JCcgNMPvBaPe9Ky
Matt Simons,1g0fXhQMHAxlRyIBkCbuE7
Hanybal,2HdP7fpDiLWAvElYGg75gd
DJ JEEZY,6Ql5ZUhTCAn62skkbRJWCq
YNW Melly,1cNDP5yjU5vjeR8qMf4grg
Fake Pictures,02U68BQCUSYgr9eTBWRHLK
Zefanio,7KcUsF4LyLu0SIhmwvNSmM
Jin Akanishi,5gSFxPK5Te7WRIKL5CEWos
Numidia,3OMZaRPVE5OI1IkDbZFBFU
The White Stripes,4F84IBURUo98rz4r61KF70
Joshua Bassett,4VdV2qRAYBLINR6uU72V1J
Sa4,5qZLYtTL3ldN6Uw7OXHESR
Freschta Akbarzada,3Xe69Zmna6TRo8hr5tyoVS
Belly,0FOWNUFHPnMy0vOw1siGqi
Eric Church,2IvkS5MXK0vPGnwyJsrEyV
Jane XØ,5keDbKEPwrbe36cPzRpzsK
Residente,5GcWBUX00IPuWVGMIRK1sS
Kraftklub,0MZ55DwuMQ1B2TXq9lcrE4
Owl City,07QEuhtrNmmZ0zEcqE9SF6
100 Blaze,0JxUh8qDlG3xflSV9Of500
France Gall,22HVxZPA6UhBp8wahxDA6I
Shakka,7fqDRFkiuwzFDde1K0taVs
Vera Blue,5ujrA1eZLDHR7yQ6FZa2qA
Parcels,3oKRxpszQKUjjaHz388fVA
"Grover Washington, Jr.",05YVYeV4HxYp5rrWalvuE1
Jiri11,6RxMqY900Xpza3Kh9j86Mn
Zay Hilfigerrr,7nKeLE1toRtW4M279iS26h
Måneskin,0lAWpj5szCSwM4rUMHYmrr
Trío Los Josefinos,67mFhErdTWmJ9slGMC6vOf
"The Cast of RuPaul's Drag Race UK, Season 2",5B8MzBYbmhTUA47z1mJFMs
SANARI,16E27V4q0TPZXIriwMYTWV
Bryce,217j97zjNxym24pro7QJxM
Jerome,4xcDVatLFh6qlcm41er3LV
Mike Oldfield,562Od3CffWedyz2BbeYWVn
Charlie Puth,6VuMaDnrHyPL1p4EHjYLi7
Shaggy,5EvFsr3kj42KNv97ZEnqij
Dry,5h0VUGq3Pn45E3rcz9oe66
Matthew Wilder,3bmFPbLMiLxtR9tFrTcKcP
Wizzard,7823Dim2TzjiQQ9wRQxyi9
Milano,4Jd9XCHzRXTB7ZPPVzJoUm
Nicky Jam,1SupJlEpv7RS2tPNRaHViT
Ryan Blyth,2bno8n7e57sY3zRQw03YoV
Haftbefehl,6ynopZPMBXcIGBI9M02Un5
Bryan Mg,1PyToLP6F2rzV0ZSR71lgl
Brett Eldredge,0qSX3s5pJnAlSsgsCne8Cz
BRELAND,0C86lmpnwiyLDUiyo4d0P1
"Earth, Wind & Fire",4QQgXkCYTt3BlENzhyNETg
Shoreline Mafia,4tYSBptyGeVyZsk8JC4JHZ
Charlie Cunningham,78CiW0UJbHspFaVuVexOK6
Sara Kays,7Lk9V7E1u5gqSHmtcKlOqH
Jhené Aiko,5ZS223C6JyBfXasXxrRqOk
Manuel Turizo,0tmwSHipWxN12fsoLcFU3B
Kyary Pamyu Pamyu,7Gh6fW49xfXLP8DTWaLVJP
Népal,1E8w172gkuT5htpwaIEsEl
Ano,5Azjcil94cSjssZgE0IKDe
Hans Teeuwen,7HHVKYQo7uk2347GOmPoPD
Kush Kush,5P4P6G0pubLi65R3zRnSCf
SHE'S,6TNooB9HDJ9Xs1GFPl2Fiv
Edin,7jkdo74SDT1PYu6Ksbusxa
DigDat,47rT8CoKTbr0S945AGgATQ
Deen Burbigo,2OTfhbxhBO1u1bAuCy6ouu
2Pac,1ZwdS5xdxEREPySFridCfh
Steel Banglez,6k970rXaWAWVfWMjqWtFNI
Therapie TAXI,5MynxBz4ZMqvUzpcxTZl4C
MC Solaar,3nU8TSIICYDbUqRpJISTRE
Hös Copperfield,4fn6Kez1kGOO74vNuKrvCU
Tainy,0GM7qgcRCORpGnfcN2tCiB
Amy Macdonald,1hJuGCUpefX24GFmss9bjH
X1,6C4irZ60X8G7UimMRQiCcg
Gotye,2AsusXITU8P25dlRNhcAbG
Hailee Steinfeld,5p7f24Rk5HkUZsaS3BLG5F
Two Door Cinema Club,536BYVgOnRky0xjsPT96zl
Hayden James,4csQIMQm6vI2A2SCVDuM2z
BRS Kash,5jJjvmEwRr8epuGZq4eUUa
Jandro,7hofCdl9njgv82JjU0HPwI
Christian Hudson,49m0B4E59KYnTHckGDleUv
Carmouflage Rose,31h66YPpyZlmecPqCaeS4H
D-Rashid,3BAbtGcpq9F6a7TJyw9krT
Alicia Awa,7mYMOwpduul48upxZCfFBS
Kelsea Ballerini,3RqBeV12Tt7A8xH3zBDDUF
Miss Montreal,06eTdzI1FA6c2cPQAeVHY2
MiC LOWRY,0AJUYWKztkg5dnrHDIBv47
MAX,1bqxdqvUtPWZri43cKHac8
Grey,4lDBihdpMlOalxy1jkUbPl
Fred again..,4oLeXFyACqeem2VImYeBFe
aespa,6YVMFz59CuY7ngCxTxjpxE
Rémy,1rT9J8vtPCzEKL7oGntxnr
Peter Manos,4K9aclpXgCPNFGEqRlFPal
SDP,1EfwyuCzDQpCslZc8C9gkG
London On Da Track,5Nf5yishRW9Ye174sJISkg
Inez,2sGGaKKex7GgNlH1DRXZSa
Vigiland,3tLYpanVDomWAZqF82NPds
Jordymone9,60gg31QLbNuGwl12YPBAUK
Lune,3pMYJHAY5ErzmJQVWb8VX6
dvsn,7e1ICztHM2Sc4JNLxeMXYl
AURORA,1WgXqy2Dd70QQOU7Ay074N
91 All Stars,2NXFKDjgSuIyiUUH2PEVHG
Henrique & Juliano,3p7PcrEHaaKLJnPUGOtRlT
UB40,69MEO1AADKg1IZrq2XLzo5
Gnarls Barkley,5SbkVQYYzlw1kte75QIabH
Black Saint,7JMPwFdbHhPe46HDJXKhA5
Bob Marley & The Wailers,2QsynagSdAqZj3U9HgDzjD
Karel Svoboda,3iaVXonnnlGLW3BHz1BDER
Kodes,3fnfvu19t4JYyEkRldXsO5
Céline Dion,4S9EykWXhStSc15wEx8QFK
Belly Squad,1EWnP7piatUeXggTXofm5g
Lirical,2H0j2bWQRjJWzcGIjnl7nX
Geko,5vfmmb3UHpuQWJ55JP9slk
Sigurd Barrett,6EN9iGovybDcQZ2NtsqMFd
Myke Towers,7iK8PXO48WeuP03g8YR51W
LPB Poody,0wHeZY93Ede0g1jXaWsiFS
Jawsh 685,56mfhUDKa1vec6rSLZV5Eg
Gambino,5Wf0eeUkR6rRAre6L7H7jW
filous,2IjiuEObrCKyZvSb8xLxG9
5 After Midnight,3x9IfYx4a2FPsxqrTV5FgP
Mr. Polska,1A6HQzOvtGaCYihOuIKjE6
ReN,22wa94PJF9zyFJMTp2BYus
Mumford & Sons,3gd8FJtBJtkRxdfbTu19U2
Dj Kass,431Pb5EV8KsCBGTw96ZTQ4
DUSTY LOCANE,22hWz22JAmIhIEp0u1X01L
88GLAM,2I9SLklAOG0vdMiUUMNxRl
Sheck Wes,2RDOrhPqAM4jzTRCEb19qX
Kid Cudi,0fA0VVWsXO9YnASrzqfmYu
Sub Urban,7gXb99Sf9nNmpNYeAgIQFG
MARINA,6CwfuxIqcltXDGjfZsMd9A
Phil The Beat,35pKZ36ma78w8aE467fRO9
Trey Lewis,15tTVhFpH8EFXeDgO9xkRO
Danny Vera,1bObiFZkYu7IfzxVlAVj5x
Inoffiziell.Goldenboy,4AScySQVdebovwUwTVWzhN
Berry Goodman,4PFC7IPuGWwwYQUuuvSnrw
Professor Green,0oJM3iJjMdzgsd4z5VHQvw
JC Stewart,2TAqN8fwfaKauvviN4pOsv
Unknown T,3iAhNz3e31lBuXYOsqGsf3
Luis Fonsi,4V8Sr092TqfHkfAA5fXXqG
Kofs,5RaQ9nmVGoTye2SI76x3yw
Giant Rooks,5wD0owYApRtYmjPWavWKvb
Wretch 32,0T2sGLJKge2eaFmZJxX7sq
Slipknot,05fG473iIaoy82BF1aGhL8
CNCO,0eecdvMrqBftK0M1VKhaF4
Baka Not Nice,3yvCFkK57FXH7JIwZQ5CmU
Stefflon Don,2ExGrw6XpbtUAJHTLtUXUD
Ant Saunders,4jpsw9CQS439N0B7SecMgf
HVME,2o08sCWF5yyo2G4DCiT7T9
Freddy Moreira,2CU1lH3DaaajH9Cm2S2tPk
RONDÉ,4hj9dun9KpnBukLv7Hgfkr
Stupeflip,7qiRNP9z0FhN63YcLmb8Ai
Nahir,3x3gsBtmPOSQVqdBzO7N5E
Biffy Clyro,1km0R7wy712AzLkA1WjKET
Christian Löffler,3tSvlEzeDnVbQJBTkIA6nO
Selmon,0hKUUP3J5Dc69cQur3U2nV
Comethazine,1iJdyDcY98X3GMnUesl7tf
Nona,5aGfasfrnULFuSZ3ElXkHb
Awich,0FnDCrmcQT8qz5TEsZIYw5
Estelle,5T0MSzX9RC5NA6gAI6irSn
Jermaine Niffer,2kN7bQzdCZkSBYhzF6k5lY
Sierra Kidd,0U7ti3mwGrBNlKNE4YlbfT
Chris Jedi,0qTZZWLzuD59Un5r1speHm
Jennifer Lopez,2DlGxzQSjYe5N6G9nkYghR
Eleni Foureira,39E15l8zeCDYpSZwFNX4G2
Reol,7rpKUJ0AnklJ8q9nIPVSpZ
The Platters,6KWcxMWVNVIYbdOQyJtsSy
TOTO,0PFtn5NtBbbUNbU9EAmIWF
Gabby Barrett,6Iz3eq2aQGFf7TbGT2iahL
BENEE,0Cp8WN4V8Tu4QJQwCN5Md4
King Von,6QtgPSJPSzcnn7dPZ4VINp
Little Big Town,3CygdxquGHurS7f9LjNLkv
MONGOL800,2zUQjYvy0TevSi4d3PjqQO
DAOKO,5Qeyh2XKoITt1mlEVtzazC
HAEVN,65Tmt9uAPTYGl1ZhsOeEJ6
Jessica Mauboy,6rHWAH6F4mr2AViSxMV673
Chara,2v3eFzDOUnyWP1drW2dPTp
Lord Huron,6ltzsmQQbmdoHHbLZ4ZN25
Popcaan,62DmErcU7dqZbJaDqwsqzR
Flower,0VPLGnexd8K6BGbpLiPPVj
Emms,2AkaK2DXdBUWYjpwOHoKs2
DISH//,0jJmZHZHNe8n24Y33z5Nil
Gio Swikker,5Fj0r4TgtwdppZWzMiDzVE
M-22,4WFtYn5RyU8VGPpPyW9Pxw
Erica Banks,2SXhbucehn00OBVKhzxDyM
Gene Autry,5ixB75BQR3ADoWQkcHQJTs
John Travolta,4hKkEHkaqCsyxNxXEsszVH
Opgeblazen,1wLKrslSkMPt0GjK2PFQng
Joost,6s5ubAp65wXoTZefE01RNR
Bob Dylan,74ASZWbe4lXaubB36ztrGX
Miliyah,29D4iRqjepAsZt6o5hccND
Basada,1kfVCpUQ55hMpU7w3BwvYW
KREAM,0DdDnziut7wOo6cAYWVZC5
Ratu$,7m3gqqtxB5FGXBFmOkR8Sf
Adele,4dpARuHxo51G3z768sgnrY
Kent Jones,3jHBxvZ9gbBkZ17wKUqVsO
John Lennon,4x1nvY2FN8jxqAFA0DA02H
Ikimonogakari,5YneEA2nLtAhkD5t2769lZ
DJ Ivis,0RPzmE1iY76tx1eBBXFyYn
Arcadian,6AsX53NZ0rVrVnlKLy1KvR
Wulf,134sCDSe1w2zPnfCG4hT0f
Kinokoteikoku,61H9d7hbIfFNxJJQmIL9AJ
Empire of the Sun,67hb7towEyKvt5Z8Bx306c
Beck,3vbKDsSS70ZX9D2OcvbZmS
Eric Saade,4zGH6gaO4NohcfCXZ31bQG
Joé Dwèt Filé,26zgIfFyTCImkHAp5gwKW8
L'Allemand,3BX2N7cc1OrBUJQiiei3On
Priceless,2408j875K0AESndCiOw5UO
KICK THE CAN CREW,5MRAExqyhUPkktT9yWNvIe
Rolf Sanchez,3R6VoMjUANEP9wb7fRNXws
ToTheMoon,20ZUOewlSW8L3sAvhZEd9m
Vince Guaraldi Trio,4ytkhMSAnrDP8XzRNlw9FS
Play69,61fZH5SxVJDnFnocMMPwCF
Matheus & Kauan,2Z0lRIqr997lIUiPtrpKCr
Nause,4PVn1b2WnnXdq80C7uaZLZ
Sleepy Hallow,6EPlBSH2RSiettczlz7ihV
Afro Bros,3wtMPMvPtiFylbnNXF6CAj
Noriel,3RtNN1VnooWEn3KQk03DUL
Big Boi,2ht3wxeT69CzyKFChNnNAB
Triple One,686zrKch7tQIpoOpdSIpTo
Pusha T,0ONHkAv9pCAFxb0zJwDNTy
Mario Cash,1NmZEnCbCyf1O1bkTXZhDB
Taio Cruz,6MF9fzBmfXghAz953czmBC
KHEA,4m6ubhNsdwF4psNf3R8kwR
Sunnery James & Ryan Marciano,7kABWMhjA5GIl9PBEasBPt
Curtis Waters,2JbE7jUIGtpXSzytnyMg6U
Tagtraeumer,2S3290k1UWwaUxXEacUUrB
Julie Bergan,2Tg0aF5cbZktYFzgR1iAKv
Kazuyoshi Saito,7sl3PZyhzAqUpL3M6WVD8G
Willem,0QuIRxRWYAl4oRHSQYCYds
Yade Lauren,2YkP9pfIZ6hJKeuppuz8qT
Chucho Flash,5pkJj3IFFJBgzNYJsGR57Y
Danny Ocean,5H1nN1SzW0qNeUEZvuXjAj
Lights,5pdyjBIaY5o1yOyexGIUc6
Frank Sinatra,1Mxqyy3pSjf8kZZL4QVxS0
SHISHAMO,6MGHit7sV38BhpChZYByFv
GLK,3dH7pcBScIJQboDyMzUzez
Keen' V,5iZMWWLoDJH1u6Ru2rOEsd
Qucee,48vBSuFP0e3sObT3huTdur
Ilinca,64PgkSM1uDD9BJEg0UkMMM
DJ Wale,4gTsaC1OX5plDemue2uZHn
BØRNS,1KP6TWI40m7p3QBTU6u2xo
Malu,3fll16LLw6kdDxWzSpJPEQ
Twenty★Twenty,5I6N6mTH10rgpyoqCc3TRW
BIGBANG,4Kxlr1PRlDKEB0ekOCyHgX
Marília Mendonça,1yR65psqiazQpeM79CcGh8
Puri,3ADyFy1orEwODaiHmRRMQp
Marvin Gaye,3koiLjNrgRTNbOwViDipeA
The Strumbellas,6ujr1NkqbZpYOhquczUUfl
ZieZie,26XzvosH2cl8Re6KSo9m8Z
Mason Ramsey,6xvpfMjWTougrRRtK7iikz
Luke Christopher,787bCXOIvGeBw0Bc4kEjhD
KIDS SEE GHOSTS,2hPgGN4uhvXAxiXQBIXOmE
Amenazzy,6kq4GHwUcUojGIu0ziSNXf
Da-iCE,71UIOLnsacxQHlU55TvfiH
Shakin' Stevens,0wi4yTYlGtEnbGo4ltZTib
Koosen,12nEr6QOfSKkiTXjEp8tBB
Steve Aoki,77AiFEVeAVj2ORpC85QVJs
Squeezie,0xECfhlRzRRIIe2Co5HX6n
Os Barões Da Pisadinha,5Lv2GUVwqmQBPwrTrxucE5
Alesso,4AVFqumd2ogHFlRbKIjp1t
JAE5,3NbqBIc16CNAe5nYSmHR3p
SUPER-Hi,2lJ6K4PTrrweXhRiqh1CZE
ROSALÍA,7ltDVBr6mKbRvohxheJ9h1
Blanco Brown,3yzRiNMZdTsSUgplcyYZ4i
Nothing But Thieves,1kDGbuxWknIKx4FlgWxiSp
Emily Roberts,3RBqLTttwN1orqQozYfmJo
YFN Lucci,5Berubt6ysOy2LCMyqhmXP
Kpoint,3ABLHSKKZzNcgpBuXvLB9W
Dean Martin,49e4v89VmlDcFCMyDv9wQ9
Acda en de Munnik,040Fqhc0l7a4MPeDx6cneh
N.E.R.D,5wPoxI5si3eJsYYwyXV4Wi
Denzel Curry,6fxyWrfmjcbj5d12gXeiNV
Baccara,4dn4KQgTE4P3jrwa3iIVzQ
102 Boyz,78TTCmh2koperK5NBn7DgR
Defano Holwijn,5pGeI9pmfUEoHGn9w3NjqM
Kanoé,7jUHzlUQxkrsszeYAIqHCY
Rea Garvey,0bmxU94V20pNJ2Vie9kFYv
Darius & Finlay,1w67D3PakcxjYGt6xPnnke
Sipo,1vLew3o8JIJ9XTCRkOCCbb
Israel & Rodolffo,41QLxRXlc2NwfJZkHGHKid
Master KG,523y9KSneKh6APd1hKxLuF
Massari,0Jzbm3ifxDNLxxS8M4BS51
Toshinobu Kubota,45JvI0rkPkFFL14Cj0eput
HK,0dK1wy5v9DDEnhndvlX8Il
Tobi & Manny,50y1BeMwfz8MCB3YfH9qoj
LUCKY TAPES,7tyrh2CwSnilzMD8olQxcx
Yabai T-Shirts Yasan,3GP0RQRnBvpYVgdVYfcaGS
Alpa Gun,6nHDuiu6PIpfWt6DswQHvL
KIKESA,3U0pUvFUMv6gJiTFnXiueY
Jorge & Mateus,1elUiq4X7pxej6FRlrEzjM
Timmy Trumpet,0CbeG1224FS58EUx4tPevZ
Outkast,1G9G7WwrXka3Z1r7aIDjI7
あれくん,7voEy17zvlQojgmQYUlKDK
Louis Armstrong,19eLuQmk9aCobbVDHc6eek
Allie X,0wnYgCeP013HkKoOyC5V32
The Neighbourhood,77SW9BnxLY8rJ0RciFqkHh
ayaka,22FsmLO3ZyvgWBy5QbfcQi
hachi,6ptdMFoqgQZRoccAYK9Opd
Dave Roelvink,0awqQLsNMZU3cFOVYKzFoe
にしな,2aoUBwmHWln0JSEZbi9E70
Rachel Platten,3QLIkT4rD2FMusaqmkepbq
Electric Light Orchestra,7jefIIksOi1EazgRTfW2Pk
Nathan Dawe,2gduEC76ry33RVurAvT05p
Banda MS de Sergio Lizárraga,2C6i0I5RiGzDKN9IAF8reh
Faroon,697ZbUKLJSEWWhtayAGxBY
Kylie Minogue,4RVnAU35WRWra6OZ3CbbMA
Teske,61QvEH9Rei0nuhI0vZ5m5V
Porky Slim,4ohRzp7ZzPQi3PzCiBrDAm
Macaroni Empitsu,1t17z3vfuc82cxSDMrvryJ
Hava,3Mn6d673ieRza7uw6zY2Zv
Natti Natasha,1GDbiv3spRmZ1XdM1jQbT7
Alison Wonderland,11gWrKZMBsGQWmobv3oNfW
Phil Spector,3jVMgT4X7YeuYE4aludcmE
Poke,0hgX6slgQFj1QpjpKHbcK1
A夏目,2HUc3XMRhQi0UBcSGGa0mH
Dinor rdt,3RJNCnIkqvVwEicgGo2nqJ
Ryota Fujimaki,7r3FkquAY1tv1roZs3unJ1
Lake Malawi,4UXTIkBW9t9Lcx3xtlaifs
QUEEN BEE,6whFEcaV75AmQMiwlfaxvc
Glades,14rP13jdQNgQvuPA2AkBgm
Tamta,0VGybH10ziMPo99SYOwMoQ
SOUTHERN ALL STARS and ALL STARS,5xHiqKMssUQBxJA9jvvtsz
Theory of a Deadman,74eX4C98E4FCrAMl39qRsJ
ASIAN KUNG-FU GENERATION,0MK8l3nURwwQIjafvXoJJt
Lamme Frans,3VTVxM9FFSMMrnO3nOh9Si
K/DA,4gOc8TsQed9eqnqJct2c5v
Vinchenzo,6Jc18GpeJVDe3HWhfrQ0Bu
Brave Girls,7t5H3uQv0Zw6cQUnSTF5BB
Nuka,1XynjLPAyPi8SZAx8LHN0Z
Pitbull,0TnOYISbd1XYRBk9myaseg
Mozzik,1pkDzgHvVqC17qYGKfLPpb
OG3NE,1SiCF4gVjnR5iAIwk1nkXo
Jeangu Macrooy,3t9HafA5eFHM992s4GZ0Gr
I.O.I,6RKnXXyprPjhBdCvL802Ku
MAN WITH A MISSION,3NTbOmzlj2cL86XFuDVFvZ
Tony Bennett,2lolQgalUvZDfp5vvVtTYV
Dabs,0VF7XcB73fBSIfX9hOTVij
Maan On The Moon,4PLW5IBf0PSZuXcIPF6tOo
Johnny Sellah,0INETKNJYPVfrzAnOuo9H4
Hp Boyz,0JlQaGJZfrqYeZG1AQICxp
a-ha,2jzc5TC5TVFLXQlBNiIUzE
Sigma,01pKrlgPJhm5dB4lneYAqS
SosMula,7fFfPSHnrplQpezV79CFYc
FRENSHIP,7xEFii6utZmQ61kX59HmLH
Polo & Pan,45yEuthJ9yq1rNXAOpBnqM
Becky G,4obzFoKoKRHIphyHzJ35G3
Everybody Loves an Outlaw,5RCWMaArEntbkeWYVxCiFW
JY,6wFFL0w3vmdIwUWRlQIerD
One Acen,16plk1BhihSieDutGFbLt8
Ivana Santacruz,1cAU5q0s8zKdMTNAZ8CJht
Guaynaa,0BqURncJM5B1BBu7UM51eq
Social House,5UjifI1TYefXWn9GdqDOHl
Skye,0sHIsJteyLhBYwKgF3Vfg2
Yumi Arai,5W7F9IM2vsR9EDCk5T2Uqz
Kenny Chesney,3grHWM9bx2E9vwJCdlRv9O
Scott Storch,4hadtPX6kKntrnA87Zdy01
Jason Aldean,3FfvYsEGaIb52QPXhg4DcH
Don Omar,33ScadVnbm2X8kkUqOkC6Z
Jamie Lawson,1jhdZdzOd4TJLAHqQdkUND
DNCE,6T5tfhQCknKG4UnH90qGnz
Lily & Madeleine,1kCC5slv2AdQ6MxcKP2fEQ
CHIAKI SATO,7fD1pCIsnPsUt6mHizHGnt
DripReport,3O5HD95HTEPgoPFOjAb7yV
BU$HI,2GIoAorOnT0Yp1jKyTzW7K
Rasskulz,6EG4aueDmBQiVMPfTDku3v
Sons Of Zion,0PK0Dx3s9et0Uf4XbdFpiW
BROCKHAMPTON,1Bl6wpkWCQ4KVgnASpvzzA
Bee Gees,1LZEQNv7sE11VDY3SdxQeN
Regard,4ofCBoyEiGSePFAG500xev
Kojo Funds,2o9hRZ3xI27UQpHT61A4Mm
Shiva,2K5nCggbhSZ00YCYP5qkZS
ROSÉ,3eVa5w3URK5duf6eyVDbu9
Noriyuki Makihara,3vVDusnDA0LcPH3NvZpoyM
Marian Hill,1xHQO9GJIW9OXHxGBISYc5
Willy William,4RSyJzf7ef6Iu2rnLdabNq
Seyed,5iJuniDT0LFzXnMoLI1YFV
Mahmood,06nvjg4wBANK6DCHjqtPNd
J.I the Prince of N.Y,2eqoJbzUGDwys5ENUkbT3h
Marco Wagner,5Q21lE17HPq3sOPh7bnWUm
Pentatonix,26AHtbjWKiwYzsoGoUZq53
ElyOtto,4b19vuzlDcNdU4quI7L6sW
HEDIA,5xkGo7aA8kqDm5tKGl1rIw
Saweetie,6cK3NBO6uP7hh0oyuVELFl
BANNERS,4qWnlmXWuGv2TtuxtIWlJX
Emiko Suzuki,76epfImetf9M3joFnNTrlJ
WizKid,3tVQdUvClmAT7URs9V3rsp
Potter Payper,7bZpYWk0ZZN7CkOeXbAY0Z
CHAI,0NZsNnETGPWLKJj2Y0vpBx
The Kingdom Choir,3OZZeMIZnTvQKjfQEEqx6C
Enima,47cHAE0NFwzGOlc3L4oszT
Oualid,60tsxRkHtGIlk3IW8U8O2y
JP Saxe,66W9LaWS0DPdL7Sz8iYGYe
Eve,58oPVy7oihAEXE0Ott6JOf
Nelly Furtado,2jw70GZXlAI8QzWeY2bgRc
Chinozo,205dGSmCjnFA0Mjptshdsx
globe,5O6t6gb6MeNqzOBAq1oLad
ZONE,5kYS7bPX5tm3jrsYqqNSZN
MISIA feat. HIDE,440i47t0PPUtX14sWXqRAl
Tom Zanetti,73Msd8rknjBghcGQiZ1mgh
Sam Fischer,6L1XC7NrmgWRlwAeLJvVtA
Milan Knol,3QPrW2AxSYf8F6cSqPceLZ
2ara,3M3YacInf0UubKD2n20Oib
DJ Sem,6RXNoNfqGTqlCIwAvzo4Xp
Pjotr,0gRFVzEkjFmFifMlqVlTta
X JAPAN,4VrqQQy6X0hlMtqY5gp6Wx
Genie High,1NdpjvRYsY6cwAVX9YWzAB
Mortel,15N4o2rfEABILEVPXZIlo1
01099,3Z3aTg9PwJ37e8xeO0aUC9
Clueso,0iFq8SzyZaaQ2Fn6CLDxqW
Bankrol Hayden,0Yr4BBpK2dkCp2UsrJ9LZN
Eito,32QmJ5obSke8YKDbQvVPUx
Kome Kome Club,5lTGqFmlTng9jPrs7c2dRA
Daði Freyr,3Hb64DQZIhDCgyHKrzBXOL
Neon Trees,0RpddSzUHfncUWNJXKOsjy
Juicy J,5gCRApTajqwbnHHPbr2Fpi
DJ Hamida,4xTiWBThjZgo1uZn1WpZm3
Jerra,0fRvb5TzYdVo4qEUMWPaFu
ReoNa,2SIBY7Jwq1kYng12Zguo3C
Jeezy,4yBK75WVCQXej1p04GWqxH
De Fellas,2TgfGXSqjJI3Neg2lNeptE
SJUR,1X6dfPmF8f5C5EW3WIGfvm
Passenger,0gadJ2b9A4SKsB1RFkBb66
Luv Resval,5l8WyvJ50fdSghK2ySNq1y
Joe Buck,66ko2UINS5X1TRK48kdsyh
Amel Bent,15jZ8OLtnGATWHlQkltG7f
ChocQuibTown,6tkyhGe9hGI3Lcfo4gVh6Z
Márcia Fellipe,3OxZ4asD88P1lJJmLcXz4K
Jozo,45eUXWgwkv92uAk1KQFI6D
ORANGE RANGE,4upiYMjsFfLRieGo8RVRzD
Ghetts,7zJL978NtANOysfGY21ty6
The Strokes,0epOFNiUfyON9EYx7Tpr6V
Milly,7kXCcNRLEnblbTAppPraBp
Luther Vandross,19y5MFBH7gohEdGwKM7QsP
Ashe,6P5NO5hzJbuOqSdyPB7SJM
Daddy Cool,5ht2HGrvbN9eDWJarHsou6
Big Shaq,7mnAzEmgquhrVtGob81SmO
Hugo & Guilherme,1LIuN7ov1IBQDdLsU83ojl
Cosmo's Midnight,4VivsO1n4n2Mi2Btyb5gfL
B-Brave,6m9HyOTTtMQ8fFrLeJyuNV
Charles Aznavour,2hgP9Ap2tc10R5jrQaEpMT
Wafia,0FL2d6iFFNAV3yBUbXjZ1U
Russell Dickerson,1E2AEtxaFaJtH0lO7kgNKw
Ronan Keating,3nlHsNqwCSvT988ZfSW1Yh
Carnie And Wendy Wilson,3a5gYWQUgFrIEXqnE1tgD4
Karl Wolf,1aVH8BgQhW8TT5hgNGwLc7
Perry Como,5v8jlSmAQfrkTjAlpUfWtu
Bonobo,0cmWgDlu9CwTgxPhf403hb
OFFAIAH,2E1NFr5AeEGUJkLUUsWCAO
Elijah Woods x Jamie Fine,0UARksVKrwd1Gwdeq3Mes1
Melanie Martinez,63yrD80RY3RNEM2YDpUpO8
Chuck Berry,293zczrfYafIItmnmM3coR
Lucky Rose,5ShkaitLUorYdZgJMqTF5E
Mathea,3r5Kc95Oz8lDc8BL9ChO7n
Powderfinger,6LBCQo20ri3tsvbsWWLmr6
Unité,6NxJhQxcEAxCdfxXt4ScMt
John Legend,5y2Xq6xcjJb2jVM54GHK3t
BABYMETAL,630wzNP2OL7fl4Xl0GnMWq
Stereoact,6dXL3SnQlCGX9LCUAyin6a
Martin Jensen,4ehtJnVumNf6xzSCDk8aLB
Zé Neto & Cristiano,487N2T9nIPEHrlTZLL3SQs
Stevie Wonder,7guDJrEfX3qb6FEbdPA5qi
Boney M.,54R6Y0I7jGUCveDTtI21nb
Alec Benjamin,5IH6FPUwQTxPSXurCrcIov
Bollebof,6efCQuDQBuyuv2Mx3OExdV
Feis,7EiPZFDrVMi9MjYXP4l8Jc
Roy Woods,7mDU6nMUJnOSY2Hkjz5oqM
TOMORROW X TOGETHER,0ghlgldX5Dd6720Q3qFyQB
Trevor Daniel,7uaIm6Pw7xplS8Dy06V6pT
H.E.R.,3Y7RZ31TRPVadSFVy1o8os
State of Sound,05o1zW8b6PV6rEquXr74sB
Nafthaly Ramona,7LSenG6ZaZyQGNNQSIRNTf
Paul Sinha,0Uev3WqwkRc17NqfsvVv4K
Miniminter,4MTNXrn0TAHwVwhYNeZjkF
Dio,2Np3tBLhkFCcJPun4KhrDQ
David Campbell,6tUwA7Nt6EoMLy48nNVrgq
Cub Sport,6vqMDhoigg5btfdPsPTVFt
Key Largo,4LuLF5H9fe5ViyDQb9Zxmt
Jhay Cortez,0EFisYRi20PTADoJrifHrz
Whitney Houston,6XpaIBNiVzIetEPCWDvAFP
Dizzee Rascal,0gusqTJKxtU1UTmNRMHZcv
Def Tech,7CifQjntMwkU4kfV85zTnS
Grand Corps Malade,3PsyPWjsftbfeXGorZv4AM
Smily,6uz6yX6ZXG4XWprCf3ukx2
Money Boy,1DxUdl4z0N2hLqU7U6yqwc
Gesaffelstein,3hteYQFiMFbJY7wS0xDymP
Carnage,1LT6lzo7SDEkWVEQ13Xkhz
04 Limited Sazabys,6Gem5Nh6gd9PCtWdzR7Odh
Marc Anthony,4wLXwxDeWQ8mtUIRPxGiD6
JENNIE,250b0Wlc5Vk0CoUsaCY84M
Chatmonchy,0GtBUVp1cWdIUKwm2GHTHc
Quessswho,4Q23rm8jYyd2ft6Cm1MhwJ
MC Kevin o Chris,2UMj7NCbuqy1yUZmiSYGjJ
Keala Settle,7HV2RI2qNug4EcQqLbCAKS
Sueco,4iDroUFo89Y7YBsdDTBmTD
JUJU,5VLVogbPeBgFHXQPZQzBej
オレンジスパイニクラブ,1wJL6nbdvPwqPYuoqiw5aN
LU BACH,1sFgBsBreFyC40aJNWg2QX
Reik,0vR2qb8m9WHeZ5ByCbimq2
K-Fly,4jDdEv3oafVcJfrywVDi4p
Mustard,0YinUQ50QDB7ZxSCLyQ40k
Chip Charlez,2gnD9CeLx3IlYO2zz0DEqH
65Goonz,1zDnARSHiWiOGH7QmiHORQ
Bombay Bicycle Club,3pTE9iaJTkWns3mxpNQlJV
1OAK,2G1E1EbUkS6uH5z9MuCTuk
Seiler und Speer,4PBCFEjR4a3OGdOZ6jeKKM
Joyner Lucas,6C1ohJrd5VydigQtaGy5Wa
Garou,1oXtLNYfNMQLxWsatCTCCn
Leslie Grace,6BeO1KuAWBqFriL1mLHtNc
Ryn Weaver,2MuFzH1J5I6gGFYo2qhZmX
Joey Bada$$,2P5sC9cVZDToPxyomzF1UH
Robbie Doherty,2WuXRwEjXIjW5uVZOSxqYS
Roxy Rosa,6q7SnYRWQncKrWYoZj4ILg
Osen & Baha,5kQAoLwWRG7I11DwrRV2q8
EXO,3cjEqqelV9zb4BYE3qDQ4O
Carla,7dgCfYEmAX7OxaYWgCGxAr
Tyla Yaweh,1MXZ0hsGic96dWRDKwAwdr
VÉRITÉ,1Fr6agZ6iSM5Ynn2k4C8sc
Undacava,0GICHCgSgJrRnanaNRFIMX
Craig David,2JyWXPbkqI5ZJa3gwqVa0c
Ezhel,6LnJKrtFnTEGdbWQ2riWCL
Chloe x Halle,0AsThoR4KZSVktALiNcQwW
Die Fantastischen Vier,748dDObrUoBetes0pLj788
Broods,5r5Va4lVQ1zjEfbJSrmCsS
Vince Staples,68kEuyFKyqrdQQLLsmiatm
Muse,12Chz98pHFMPJEknJQMWvI
Road Of Major,5m0p1hLwjTBVYdgUyQaNaQ
Kid de Blits,5geBneZf2rfQaLDUVkQBFn
Delivio Reavon,3SvtTg5cUQ4XDX3AP4c6Tv
Quruli,26WuprsX7JRG69T0PXkze4
G Herbo,5QdEbQJ3ylBnc3gsIASAT5
Takaya Kawasaki,3BjFX1nExMNHvSaoLd1I1k
Hugh Skinner,46sPwUO4mwBrA1wnSK83tl
Dire Straits,0WwSkZ7LtFUFjGjMZBMt6T
Sean Paul,3Isy6kedDrgPYoTS1dazA9
T2R,6aH4CaxRV988XUNLVSi1dZ
HOSH,3qoTlYFOahAlAh9ee3qnbs
M. Pokora,6euPnGzBlDysAC5ecVguNZ
Johnny Mathis,21LGsW7bziR4Ledx7WZ1Wf
THE SCOTTS,2PaZWGu5T5nHjY2xxAkFsT
Nipsey Hussle,0EeQBlQJFiAfJeVN2vT9s0
Mike WiLL Made-It,0NWbwDZY1VkRqFafuQm6wk
City Girls,37hAfseJWi0G3Scife12Il
Ambjaay,3BbPRvYQ0M9SFmhkHXozLm
Swing,0OQMxt6l70FM2YlLwYDiEn
Nazar,1hMzMy5THp7jWnMRC0rU36
Cliff Richard,2nvKpWcP8etYTq4JrRiUiy
Zware Jongens,5zViDsu1QEY5DZ4QefVjjD
Don Diablo,1l2ekx5skC4gJH8djERwh1
Lil Adrei,4Ywiqc8KxAECFoOWWAYry4
Vanessa Mai,3WUe8ADT5d65WeByR3ubl7
Howard Shore,0OcclcP5o8VKH2TRqSY2A7
Fakear,4eFImh8D3F15dtZk0JQlpT
Bon Jovi,58lV9VcRSjABbAbfWS6skp
Q.E Favelas,16vfg5F2MKku9FMIrFIqry
Jnr Slice,1h9TsJVZdaubBn1BZHaAhk
KMN Gang,1eSC1eBG7lH0plb0EYvHrZ
SRTW,7vHAcPVlEDksRsCfkez2CD
Maddie & Tae,34bhyY8jfKez7uKakMfy4y
Brings,5uRfU4LuGDkxzZ86uCXQY8
John Gibbons,72luDUYRlE8N8lPSgyhiwo
Sidemen,3cz1YSCXv6hjifHO6bYLLH
4Keus Gang,7JDQ2kZsT80ht4tzgIaId4
DOBERMAN INFINITY,25X0RB2EWCmj9u0Pnj1uW5
Luh Kel,24CgJHK6T7C5OmUbiLLMjJ
Nesim Najih,3PiYQOpQ27ZQA4xRQqB7tE
Alicia Keys,3DiDSECUqqY1AuBP8qtaIa
Matt Cab,5QdG7ZI7k64K5DLjOJgK31
DJ Kayz,1GQ4ihUi4W36nt5ZKmtMgh
Philipp Poisel,7HkIxdAV13bOrkOhh6H3Dg
KazOnDaBeat,7mnmr8BPHhEEYFwIHlclFt
Toploader,6xeFne1rkxMhKSW3ipvkdV
菅田将暉×OKAMOTO'S,796BMhApNodxGK0oteH5lZ
Kwaaivines,0m9MAAgz9T6xxgVvtDxsNv
Sakurako Ohara,5TS11vZTUaDP4maTjFCcBU
Langesjaak,16GFcI0Sl34ETwdcVuM0Mj
Carlie Hanson,3mPc8WGusz2XF3Tvs3AKCR
Love Harder,09JJrjk6Mr5ZYwk1mk7aEb
MC L da Vinte,0lHB0Qc4pmD5RkTLlHeESo
Matt Terry,2JLqTvFXmC87BksiCsBezV
Neele Ternes,7isTm27jVXz6QlAAt8WeXh
Jamoo,0c1JwhGqNvfBsmWNvRUKt1
Billy Currington,1By9QBFnjZAoI83BZppHlt
John Denver,7EK1bQADBoqbYXnT4Cqv9w
Tom Grennan,5SHxzwjek1Pipl1Yk11UHv
Julian Perretta,2JLl6rSFWx9YuSPLcLhkAG
Still Fresh,3AGggQTwJaSofLcpDlYhV4
Bosse,2e4uIDIIBXR0MmZe0AJGhR
Kilomatik,7u0cYeefrzVUt6CfDQCpT0
Soufian,3Vnl7pKDxagUgRJ3NMtEcE
JSX,7J0JxtOPMKWufOraoIqjiH
Sharon Doorson,10rtYx82dLgxlD5PlWXsXA
Shinsei Kamattechan,1ZnuqrjIR4q8zhgriUYsSo
Sticky Fingers,3ZGr7nQBXDU2WhyXgRVbt0
Drakeo the Ruler,0p4ViyfJUTW0IT4SCBLexf
STUK,0MnM8NE69iw1cVc7GVIZ41
ILLENIUM,45eNHdiiabvmbp4erw26rg
Firat,5ePGdHwXrYiVXslyf1sYgF
Ikaz Boi,1h0vYLWMAElSWYCjm6RBpe
Ugly God,3Fdm9TFJQCLmC3AWMuGExi
Au/Ra,1eMmoIprPDWeFdB1FxU6ZV
James Blunt,7KMqksf0UMdyA0UCf4R3ux
Izzy Bizu,6b5YOgXIliAozdo49vUCJQ
DJ Nazil,3fqoYDVKecfs5Q99XN9wf7
OH MY GIRL,2019zR22qK2RBvCqtudBaI
Aretha Franklin,7nwUJBm0HE4ZxD3f5cy5ok
Wanna One,2CvaqAMMsX576VBehaJ0Wx
Hi_Tack,6N1W9mAlncCKbqBHgBR2bN
JID,6U3ybJ9UHNKEdsH7ktGBZ7
ICEHOUSE,3IUisqn0mluZR0LITs8Sqk
Outsiders,0aKXalHKVzkLJ6aeUY3HMf
Yung Gravy,2YOYua8FpudSEiB9s88IgQ
LAYLA,4GJrFqexwHiTMZWjaPEkTy
Eagles,0ECwFtbIWEVNwjlrfc6xoL
Elvis Presley,43ZHCT0cAZBISjO8DG9PnE
Freya Ridings,5pDjmC5mRl7vDJhsjVwNfk
Jazzy Bazz,0cMsSWXCY2Wag16luxN6fL
Starley,02A3cEvlLLCbIMVDrK2GHV
sloppy dim,6uMBnBtHeJmhc2tx1vDCae
Leony,2NpPlwwDVYR5dIj0F31EcC
Kidaki,5N12NARVDJvkSSRye0G49M
Jason Mraz,4phGZZrJZRo4ElhRtViYdl
MRC,4m90Zo0X5ACTTk27IZ9eMY
Michael Jackson,3fMbdgg4jU18AjLCKBhRSm
Greg Lake,6Uw88LgaxdanDItfR0JyJ8
Jaded,6tCJN1fQNdFCEaOa8Da9Wf
Stanaj,3zrUX1hQrUB9aXcOiyQLmN
Ben E. King,3plJVWt88EqjvtuB4ZDRV3
Bibi H.,5DRdnyaEaD47Pfs7GWSy81
YG Pablo,3UHc2YZGHYS6TEYMJeDf1D
Froukje,0uBVyPbLZRDNEBiA4fZUlp
Adje,5erZiBCKPxe9FaTiXHO00m
LP,0J7U24vlOOIeMpuaO6Q85A
Dom Dolla,205i7E8fNVfojowcQSfK9m
A R I Z O N A,7hOGhpa8RMSuDOWntGIAJt
Quatro Vision,6uRCP6vPABt2mY7ZGHr7nJ
Manuellsen,2iReGc3ItZlbaaSWymMJve
GS,5rtvBFj4IeWDwKjf9cmeKv
DoeMaarDave,7KLLdikljdD8LyxmWUcI5y
Salvador Sobral,0GfYO21pue5u0sVEYk9HZO
Shelley FKA DRAM,5M0lbkGluOPXLeFjApw8r8
Two Feet,5sWHDYs0csV6RS48xBl0tH
Nacho,2ayNSoKPCRAfjp6hQ76hRu
The Pogues,2wzMOQwNT6ZvVB4amvhFAH
FÄIS,5w6mMj1qwSILG0pcylfchp
Boza,2NfSBtmWe7oPw1EmetJVso
Bengous,063ucVG5kmQ6FrnWV0WZHi
Max Herre,7IpWQKu80qQvyer3LO6SW3
Destiny's Child,1Y8cdNmUJH7yBTd9yOvr5i
Keith Urban,0u2FHSq3ln94y5Q57xazwf
Bankzitters,1g9nyCbUH0kbNgXAsw7tUB
SYML,6AyATGg7mDgBlZ4N5uNog0
Gato,45odAdGsuJSI2GSd3IwVlj
DI-RECT,0d1nFNO90pwRmCeeqjOx2Q
Mois,68LM3gnzfl4W5fkfLIxbQJ
The voice of Holland,1YUQBcslZbEeShc171Z5UR
Paula Dalla Corte,7p86QI1NsaOsdFPBMVyn0I
The Darkness,5r1bdqzhgRoHC3YcCV6N5a
Kizz Daniel,1X6cBGnXpEpN7CmflLKmLV
U.S.A. For Africa,7sF6m3PpW6G6m6J2gzzmzM
Backstreet Boys,5rSXSAkZ67PYJSvpUpkOr7
Red Hot Chili Peppers,0L8ExT028jH3ddEcZwqJJ5
Olly Murs,3whuHq0yGx60atvA2RCVRW
Pidi,1r1Ugmy3z4r3lrsxurxBDx
MAI LAN,4qCKUiCnxl18wGx7Bvk5fD
Wisin & Yandel,1wZtkThiXbVNtj6hee6dz9
Lil Xan,3EXdLajEO02ziZ90P90bSW
Rod Stewart,2y8Jo9CKhJvtfeKOsYzRdT
FlowRag,4hdV053RZJO6dHspJFe2Ru
Macklemore & Ryan Lewis,5BcAKTbp20cv7tC5VqPFoC
Prinz Pi,3OYM3jjPVR60kOqmamRRgk
Hugo Nogam,3A08xhQd902eJmnI5U0bJe
Joel Adams,36jaGQtMj5UWD0eO1fCVdD
Schmyt,2DysK49GjODUdRupTMZrfb
Smash Mouth,2iEvnFsWxR0Syqu2JNopAd
illion,6PcCgi0ladfogWN4ZEAwn1
Gamemeneer,2jiwQXGANb2H6O6TATlm0L
Jimmy Barnes,1k5aZWIOUbUfKcnMxtEivJ
Lin-Manuel Miranda,4aXXDj9aZnlshx7mzj3W1N
Zac Brown Band,6yJCxee7QumYr820xdIsjo
PNAU,6n28c9qs9hNGriNa72b26u
Los Unidades,6VoRokuki5Bj7BEB2gZ3BF
Human Nature,72BTmmAO3QfETWlFjwjfJ1
Tsew The Kid,0SXZ0s0MoLOjw4Af6i3OGC
GRM Daily,4PCeJ2EIn3YtzYYRsHHWyy
DJ Durel,1MHslxKWxauC559dXYEX1C
Janieck,1bZDq4po4dMIpN74Zendm0
David Neres,290ir8cKuHtrCPYcOHikLF
Gemitaiz,4upwdFMlZBmQ68jP9jPzjK
Louis Tomlinson,57WHJIHrjOE3iAxpihhMnp
BoA,4muJrGMndyYWqZtfk8OWy4
Max Giesinger,224CDJhbm230iSo9ZomTWe
Django,5gU8eqolA1bziWv6e3Wjp3
Gestört aber GeiL,7KAGJwWQQui8b0uqwXRkSr
Bobby Helms,38EmEgXkgK51MT2tPY0EoC
Synapson,5EGOerlVYxwqxaTLEWumBR
Gesu No Kiwami Otome,1ieluXFoq2RRxMXZIQksTz
Band Aid 30,6KfzyefHYuqfWaI5taICaN
Feid,2LRoIwlKmHjgvigdNGBHNo
Ovall,5fajxqVLxJxAzMvZn0AGIv
Nathan Evans,1PKErrAhYFdfrDymGHRQRo
Slade,10n5lhNDoSMUHWLlnST1yw
シン & ふうか,4jvLe7IMxOoDtC90Qkv2cd
Blanche,3qMyym6ov558YgVuOOscEm
Marnik,6S3KljEiIOWoLMUyZrkQUc
Migrantes,48R2gYdPKtfnfKAzhSVPUx
m-flo,4UhiMIdxKqQxmzdE9nYe6O
Norm Ender,3S6gaE89XewFAvZqsMuJDJ
JO1,2koP6FEfIEVk4l2Fe6jFhu
Trobi,0MBLQbpbPvJ4oXM0Cj4aKR
Boudewijn de Groot,3h6rezLYXc5QU08SCKZtyO
Dierks Bentley,7x8nK0m0cP2ksQf0mjWdPS
Beyazz,1U0pXcl8GZlZ48jTgnpGHl
Sifax,5dacK0fiMwLoV93yBdUrZK
Mura Masa,5Q81rlcTFh3k6DQJXPdsot
Lauren Daigle,40LHVA5BTQp9RxHOQ9JPYj
The Waitresses,57AKOY1SF1062tuVzgAPv8
Ashkidd,4YUcg2ee9TxMNdjhAxzZBF
Maren Morris,6WY7D3jk8zTrHtmkqqo5GI
Becky Hill,4EPJlUEBy49EX1wuFOvtjK
The Longest Johns,5k979N1TnPncUyqlXlaRSv
Chase & Status,3jNkaOXasoc7RsxdchvEVq
"Emerson, Lake & Palmer",0nCiidE5GgDrc5kWN3NZgZ
Pamungkas,7d86ERlvO5UG44j7Va0Y0C
F.I.,7IDm2GGfPn28vd5x1wiKbI
Daichi Miura,4UTEZqrPqLDOhBfraPNciJ
JESSIA,6DdbeAeBlrYj8bNToZv4TY
VIC MENSA,27w1NoOLMX7tJMYqcetPyG
José Feliciano,7K78lVZ8XzkjfRSI7570FF
Mael,3jTFwkFtPm70r8cAIVFsT7
Vera Lynn,2rJkmlVHePMo2gk0InTZRS
Yvonne Catterfeld,5bKy7Tu2BNmfoFnDC5mncZ
Alz X 38,7nwUxFqqeyUzyYaS7D9lw8
The Veronicas,1dIdBZaaHRW2bDTkHNfWln
Joey Bravo,05m1GiqwjwAkauc1oVMDIo
Full Crate,0JeTRYMH7FoBiMcLXg1n8g
Abou Debeing,2jFnPm8VeSO19i6B8blXB5
Kim Dracula,526TMJFuJibm9j2p9td9Yp
Clara Luciani,2oVrruuEI0Dr2I4NvLtQS0
TheDoDo,1YQg0jqLV5RT98HjMXxzaO
Likybo,16Nc36xAtNyQ7BMBcDsaLv
Magic System,6MvRVq0CtpQQlwnIiszV8F
Fujifabric,2QgdUzpKFNxey5IuwvsGBL
Gusttavo Lima,7MiDcPa6UiV3In7lIM71IN
The BossHoss,1sICjVlCMOCah0snHXWUz0
Chunkz,3Lpx3ZSrsLeaVD9zKtGPiG
Tori Kelly,1vSN1fsvrzpbttOYGsliDr
Sunstroke Project,3c55dzx6W0ZFs0frtEgIsm
Chico Rose,5OdVywqKqyCWwfE2fZb7IX
ZOOKARADERU,0mkwliKa9Bf7kdXMV1iuMp
Tay-K,2ODbg2404zUzTi02qIPEjB
KAMI WA SAIKORO WO FURANAI,2FqdskWqZqDdlSnAIo9BGA
Remedee,3cOaTgpdP001bZdGIJ05Xg
Madalen Duke,5qElg3REYcoPscmGLy0NmU
Dappy,4q6hTJmeYXCwp0ivdtoSWA
Payy,5p4B4WSKIGvSfhc90GMxw9
Imanbek,5rGrDvrLOV2VV8SCFVGWlj
Samantha Jade,5i84V8Zk7YqCN6xxb7SWgw
Roxeanne Hazes,1GWpddfwL9bVovOzCtNQN6
Juan Magán,1ackd5XprZEkH3McKbQD51
Tokyo Incidents,6KQWWzFLPQbqomJrieHAW5
Cheryl,3NyNPJaemMYsL14DK2tO01
Moha K,6o5sl0TGublDPXyMHdMq1E
Chris Lane,68abRTdO4meYReMWHvBYb0
Gerard Joling,5V2zReaoPvB7EsZ4160uLG
MizOrMac,6qJxjpZgvj3NJGKMkFakpA
Van Morrison,44NX2ffIYHr6D4n7RaZF7A
Thomas Acda,50o63K3IrY47g46E8R071Y
Mike Singer,1LRpAVWq5z6VZMG3tTdZKU
Ai Otsuka,0q7KOr99MYmwKxivChxpSd
Wiley,7k9T7lZlHjRAM1bb0r9Rm3
Drenchill,3nmaO18tcMzfrrR7sdJHnH
Vice,0q4NrXqJnc367PieejuROJ
Todiefor,55SWeOUhlJHrkcuih5J2pQ
N'seven7,64ajvIvaxJSmdwLGW0IJBo
JACKBOYS,7A8S43ryYdbWpJKeHRZRcq
Lil Pino,5rY5e6BPOIfWJI1LsR8DCl
$uicideboy$,1VPmR4DJC1PlOtd0IADAO0
Junichi Inagaki,7tZ4vIF5bfR7cI1VOVPvpy
Urban Cone,3WOOglGBDGvr6c2WBeMAWn
Run–D.M.C.,3CQIn7N5CuRDP8wEI7FiDA
Mallrat,4OSArit7O2Jaj4mgf3YN7A
Jocelyn Alice,7iymigONRODGl6XJIprcuF
The Paper Kites,79hrYiudVcFyyxyJW0ipTy
257ers,6ihLfpY3cmdGyWEnItn30w
Jahyanai,09FXva53dWku8Gu5N73rR8
Belah,16p58qwRDJuScHWUUtv7Tt
Nick Jonas,4Rxn7Im3LGfyRkY2FlHhWi
Inoxtag,44BwcqsS9V20HWSeql39ah
Feestteam,42Lgl2myla33QoKueaTxmA
Suprême NTM,4ko6Ysxtvx9EY9GEFslrIz
Yamazaru,6VuxycWaTHHrz5ZP5sNSsd
Dan Talevski,0Vu4A064M7J86SoMA0nrJH
Drunken Masters,0cUMeX7DFLIvLy0q8uqp6q
Kay One,6VjbeCqoayiHYnefrisskv
Navos,6YCM9JwkqdEFQSzztmh4Kb
Aoi Teshima,4FrFdi2hHpulQOxDihRIQD
BMYE,1rF28IxSHAcZAG5ogiRJPd
Doums,4yLgYK2B5nZjZMBiaLyLyK
Jen Jis,347ZYa3M1wIhZ3j8Awnd19
Karate Andi,52JDGHEmHKktNs1lN7HCl8
Matoma,4YXycRbyyAE0wozTk7QMEq
bülow,5vBrKGOjN10BMwB0cJADj4
The Beatles,3WrFJ7ztbogyGnTHbHJFl2
Stan Kenton,2cFCoDyEaPrw8QVnrDlPKU
三浦春馬,3w6COh5nodshWjNOC2ZWqY
Mosh36,0PhLCUFEU30lqntUbYZjSt
Alexander 23,6sFHvCyqklnJpXC9Nh1aag
Darlene Love,391oLRVmoTkumiN79HkTWu
Burl Ives,0MHgLfmQdutffmvWe5XBTN
New Order,0yNLKJebCb8Aueb54LYya3
Josh.,1nngQyj8LCicyLKclbWTmU
yui (FLOWER FLOWER) × ミゾベリョウ (odol),0OelQzwa7YekcN4dG8wgy3
Rude-α,6ZtYpkBBZ7wfpM99Qxm0KO
Zappi,4tz2e3xNNenv5JbUy7FcwA
Tom Misch,1uiEZYehlNivdK3iQyAbye
Dream,6LArUyIoMiHmDvvOAsE2cd
808milli,50nLC9Fz8niPnQ0eBmeuUe
Jeffrey Heesen,1kIanYuEXT2fojrZmrLLNp
Charlie Charles,1UCxzrM5WJh9ure5vCcsim
Creedence Clearwater Revival,3IYUhFvPQItj6xySrBmZkd
The Chicks,25IG9fa7cbdmCIy3OnuH57
CVBZ,0pt7PX4Hftlg8mV1ySU84Q
Alex Ross,5pK858DFAWCmE2tM4jZxYC
Schubi AKpella,2SveKtmknwwMpYJtuFkYZj
Tinie Tempah,0Tob4H0FLtEONHU1MjpUEp
Dayvi,2TWBei99x2tV70bdYbWdAf
Smokey,0tSYjbhaMRZOqrfm0DFNtF
No Money Enterprise,3cI6oSkDCirRNVAgBsGJyB
Frenetik,71XOKoFKWFjlV91e2Z5r21
Peggy Lee,602DnpaSXJB4b9DZrvxbDc
Tritonal,521qvhdobR0GzhvU6TFw76
t-low,3tQzzidoPfVifoURnDfgmD
androp,7n437ZdDaCzqjJDJ7WmbyX
SHY Martin,7eCmccnRwPmRnWPw61x6jM
Iyaz,5tKXB9uuebKE34yowVaU3C
Zak Abel,6Gk5hoM7eW8NSCYhICMDHw
OG LOCKE,0HFX10cw3sUd3fMmBNoDDv
Westlife,5Z1CCuBsyhEHngq3U5IraY
Noizu,3VRyybsQu0MDG0F2LBxnv7
Aminé,3Gm5F95VdRxW3mqCn8RPBJ
Nat King Cole Trio,3OpnoUqoRIHWbsFs4Nw0NQ
James Hype,43BxCL6t4c73BQnIJtry5v
Shock Elias,2mIOimqNnPGF7Jce7kUbvX
森七菜,1IDjyCsCk5Xjy7RA7AQ8vy
Chad Focus,0c2FPgHaY20scmp44dhPXg
Lost Kings,3hyEbRtp617pNCuuQjyOmc
Jubël,4FcZfItjVIsfO9TynErl7X
jxdn,6Y64EaNqpqcZYTgs4c76gF
Yusuke,0iWpuF3h43ZtZJxcUp8eti
Thiaguinho MT,0yApzRdrUqTGqX9MULdnmV
Jay Wheeler,2cPqdH7XMvwaBJEVjheH8g
Anita Kerr Singers,0vbEs3DgphJ2RGZqh4qFLT
Naive New Beaters,0xW1QQBD5O09HptO2fEaI4
Kalvijn,11X2JfCZ9k1u9xMKTGkpdK
Mahalia,16rCzZOMQX7P8Kmn5YKexI
Cali Y El Dandee,5DUlefCLzVRzNWaNURTFpK
Raf Camor,68Djtfnh8XXGZjFFu8KmLb
42 Dugg,45gHcnDnMC15sgx3VL7ROG
LIZOT,12A83CWwFiyXy90ScLWPIe
Paul Kelly,0SNWoGaDlrCompmg9rXeNq
8D Tunes,5fOzKeaM5PmZ2BcKKAtFeq
kostromin,3JG79Z23wJN9Q5PTPpDAEV
YUNGBLUD,6Ad91Jof8Niiw0lGLLi3NW
NKD,55qCl9QiBKbLEbLRvRpRlK
Jazz Cartier,0sc5zYshOdiFD4ayqMrJbJ
JAY-Z,3nFkdlSjzX9mRTtwJOzDYB
SAINT PHNX,1Tdg7NIdyWx9icE2GNZzxk
TRXD,29JlvmcJaB2Iv1dQZ8Jd8F
Abraham Mateo,2bxxlINUlcMQQb39K7IopR
Estikay,4DMzvwya65eu1LsYZ3BLV6
Kardinal Offishall,5P2rwRBgIN450RaJxdjYdA
Amelia Monét,4cgzmqmPVe1mdy8oGrJRaX
Anu-D,0d3APB2jngaBHrA0DZHJYp
ヒプノシスマイク -A.R.B- (Division All Stars),2ZyhQuzfOhSjXPQauL2iT5
IS IT SUNDAY?,5vrokKN2t4ZiVZNCe8bnkd
Namie Amuro,4BmWSGKG6HiYvLuJvZ9afa
Mika Nakashima,3D73KNJRMbV45N59E8IN0F
Kideko,0ZwQMCRqfyh1OGQkBh9Cnj
Maesic,1GO0BdzMo0I4HNHfbaLbKZ
Yasutaka Nakata,2qNI3aGlywRzTkRBOy9YzG
Yo Hitoto,5sm4rWbXSE6K8MdyTIZg7q
Arcangel,4SsVbpTthjScTS7U2hmr1X
Jaill,0RTKm5n4OBSU5H8uGqi3fM
My Little Lover,3v8Gnj6Kvl1fShyGgacgu1
Marc E. Bassy,3tQx1LPXbsYjE9VwN1Peaa
NexXthursday,07Y8trtAhW1FFUPqZYTosy
El Alfa,2oQX8QiMXOyuqbcZEFsZfm
Philip,0rq5wppHKGTFcdl8da5ODZ
Sofía Reyes,0haZhu4fFKt0Ag94kZDiz2
Who-ya Extended,3sE3971KYAw7t9ENx8Eqwk
Tears For Fears,4bthk9UfsYUYdcFyqxmSUU
SIYYU,4R99LCucVrepg9xiys9p5G
Otis Redding,60df5JBRRPcnSpsIMxxwQm
Tim Bendzko,3xDVmZmDpaF1uuez2N7mKl
OMG,2gSIgsQWEHbWvOiFvhvx3g
Straightener,4q5fHrf0Q0R6imQ3etjXEG
Poundz,2jItxZsB8PA3vday7b0RLT
Sadri,3WVZUwlM5Xhdbm280BDxpP
THE ORAL CIGARETTES,4rqJz9fE9prZvQd8WsQv6q
Leoni Jut,3cSTuOCq6sJ8Xhmw3rit7j
Rabby Racks,1OFra6RZi6tAQLx4nqvz8q
Young Stoner Life,1xr2G8Hlx4QWmT9HaUbmoO
De La Ghetto,3EiLUeyEcA6fbRPSHkG5kb
Claudio Capéo,5KBbs98MK59UNMF1VTwMmz
YK Osiris,7meyrw7Or5DwteYxDJrkCM
Andy Grammer,2oX42qP5ineK3hrhBECLmj
SPiCYSOL,19C24gEiJyfC8b2IhuupfA
Casar,7IENU7K9Qq8bd9U4pc5rbt
Nassi,1qKKI6tBqJZCZfAmXjYFjN
POLKADOT STINGRAY,5zV9afUO4DVqJeRaZvfNev
Olivia Rodrigo,1McMsnEElThX1knmY4oliG
Achtabahn,2bnHA3uft5ff7aFQLvscV5
Ali Bumaye,6hMNiBKUQFKpnZ7GTvLVZf
The Andrews Sisters,2NCGI6dLTxLdI9XHdv7QfM
Naughty Boy,1bT7m67vi78r2oqvxrP3X5
Memphis Depay,6vHeztszLzqchlxlfUnwAo
Journey,0rvjqX7ttXeg3mTy8Xscbt
Cher,72OaDtakiy6yFqkt4TsiFt
空音,3rTxb36W3M1BCxx00iiwMU
Bad Boy Chiller Crew,5SRr4ZJMoygWecytkIwlaV
James Blake,53KwLdlmrlCelAZMaLVZqU
Kiro Akiyama,0JROVv4P85ZVPFbaJIqAty
Game of Thrones,22JdJVovP3pV9XkGTih01c
One Direction,4AK6F7OLvEQ5QYCBNiQWHq
SAMY,3m785bWzNnoLuIJP88DUN1
Kacey Musgraves,70kkdajctXSbqSMJbQO424
Shordie Shordie,5fyvTyetDr7gvLafBsEEhU
K CAMP,5bgfj5zUoWpyeVatGDjn6H
Bilal Hassani,1eoyu9uAivE7Jwak40J1MW
Davin Herbrüggen,3p8CvSlaqqbzFKZMUylHO6
Vanic,2LY0E3xg8svCVYXVNTze5T
¥ellow Bucks,1Fe6FA7A57suR2KAaERpqH
Leon Bridges,3qnGvpP8Yth1AqSBMqON5x
Dubdogz,4cdyqaBREB68H77QKCrKP1
Shawn Hook,7blkMNJv8n9ceP9zlA4W2U
SXTN,0tMFcqLXhtm1Gep20iuIR3
Morad,4az97MtWmBQ5Db3GfDh9j9
I WiSH,6BG4T6h3TJSa0j1JejYAjr
Madcon,6c4sUNBgdonFJz8Kx2VsGz
Danger Dan,2jXb8AWz82Sn3RRGOaia7a
Kezah,0Xy42slaJyTJV1vfi9Hbey
Peach Tree Rascals,0imE3buPhAowREqCrr4CYe
Christian Nodal,0XwVARXT135rw8lyw1EeWP
KOBUKURO,0llYwFIMgF9Jzmp4ZY7wbr
Nariaki Obukuro,6VhZSXucPwAlDJD1j2Zayk
ELI,63gbXCha1jpkrJJ9K5gGpR
Tayna,5Cj0xJrG2k8TPOJQ1vdAmZ
Em Rossi,1FQIQrgG9sgl9WK2WnNOS9
Morpheuz,6mFNhGWIA0SYoGMFXi2cgf
EXILE ATSUSHI,24r8fVuKK3xtC1L7iSiM4O
negoto,19oTSjL9FYG6cemjnNwiuF
PEDRO SAMPAIO,5wbf52LA6kcaboHSN6NEF1
Hanson,0SdiiPkr02EUdekHZJkt58
Vedo,3wVXTWabe3viT0jF7DfjOL
DJ Luian,64aJYyrXljOodnUG6jvhRD
Two Crooks,0KbxWTWxxOTbm3eiCAEYVV
Live Lounge Allstars,1FN3UEetBb2iNjcNAmrv4r
Hollysiz,6SLddo53tvP0cJdocEutfV
Akuma,19JjP3cCprjLLvvA2Cdbn5
Kevcody,3heGIV1KV0B4c4MW7H2mey
D.A.V,41J6Z8WYUSGJFn8TLEFBAD
Juicy P,3iVGVVEvuNU0Nqe54OlfS2
RHODES,07FfkbljNIdl45Ijlh1aXS
Daryl Hall & John Oates,77tT1kLj6mCWtFNqiOmP9H
Drahdiwaberl,66VRTkNitjm9sdfEGWbkYR
Tungevaag,49CE2ffZ6Z3zeYSDauSKck
Bob Pressner,2zY0g18VpVG1dpJJyW1biE
Leo Aberer,4EXVZI73RObbQTd4vSmwyS
Trueno,2x7PC78TmgqpEIjaGAZ0Oz
Nea,7nqlScm2smydSRl13eaP8E
BlocBoy JB,4TEJudQY2pXxVHPE3gD2EU
DA PUMP,3NRXKeatDxKe4apH6XawKX
MØ,0bdfiayQAKewqEvaU6rXCv
Kano,50nN8IFD4xA67fI4jYbLV4
MASN,4HAfqyKr4Sqtab6ttHWXgE
Pyramids,5Z6zCBwvMUJ15UAOsSBKHY
Teddy Teclebrhan,40Jb5kob7OGlmUSnYJp5X3
篠原涼子 with t.komuro,3Kdikkq1mYX9Vp5xKMZyft
Daya,6Dd3NScHWwnW6obMFbl1BH
Eslabon Armado,0XeEobZplHxzM9QzFQWLiR
Kato,1udruffum7CorOphFUMB9A
Michael Patrick Kelly,4OGiMt96TFUKkKWf7Imlno
SuriBeats,46GsASZ8dwV3PUIfZ3gvWw
twinsmatic,3gYoYSbWPhxA0zY9lZ4Ldv
Eunique,7MSwVATA5fRIxRA6Z0BmTe
Yoko Oginome,6yqXW1ZKNeDm04DguLHoJk
Foster The People,7gP3bB2nilZXLfPHJhMdvc
Joe Weller,0VOGPk9LCPMxzjkiX5JdZF
Crystal Kay,3yzQHdj9G34CVZ5rVUDrOM
Wilbur Soot,2XzXLjXRSeFtsic4ieyLJy
Sean Kingston,6S0dmVVn4udvppDhZIWxCr
Redbone,0w7HLMvZOHatWVbAKee1zF
Camille Lellouche,6os4KQUfJoyJwjZ7y7Ec6Q
Ruben Annink,0qZWRrQj38rwkxeRQ3HowZ
Captain Hollywood Project,3El2sJgqTWkg1kkyHHAEu4
Bianca Ryan,0SGZfHICh9e4oEXS8zGOXt
Dj Guuga,1cNPXWhKfjI0fT5EMCnamR
WOS,5YCc6xS5Gpj3EkaYGdjyNK
Rasster,3LVYHgfHgCTy3QSRt5kKQg
PartyFriex,1QXZ1BMJKU2dl2q6rDn1pB
Conan Gray,4Uc8Dsxct0oMqx0P6i60ea
Tujamo,2vVNxGBvKRQMWwI5c8KmYh
Fabiola,6CA2eS7cImKROD1MxahLgU
Mc Zaac,76Xa625geVw0Q7BdyxNjA2
GAMPER & DADONI,6HQ6vf4AloXyVNdyJhrX1J
MC Fioti,2W6kbe0nm96COrHzNmfLLd
Iliass,2odjh53kLQBRUy7hi97EZL
Kris Wu,2lbUjuMzHkT4qIECvk2f3L
Ball Park Music,1ououJVWgWsHWMYDLvT7sH
Zoe Wees,03d2mJXSMtuPI0nIvLnhoS
Chantel Jeffries,2HFuviZiAYhouKgvRX0y45
twocolors,7ACEUD7UsmmXrnj4OLt8f9
Whiteberry,76oZZyUq2OsR4uvuZVYdPn
Diquenza,3DIhZ8xOvMa1KpXPV6BZXV
Capital T,6YGhVeajpGcixgdaTfakUL
Ultimo,3hN3iJMbbBmqBSAMx5veDa
Lucky Luke,5ee4yhrWOxaxvL77BoVpVR
Juanfran,7zY0DMisq1oYXvNNgGwHBY
Jameson Rodgers,5pyVHz7lcfqKoV9BflFYwN
balloon,49sPDY14qlYMAdi6WDsvva
Iggy,0MDfMKBf1cV65pnQ1ZRm9O
Josi,5vQXzZjy86ijQhMjMb1ke4
手塚 翔太,20R5U2uMxiK3e3pKhYQKhD
Che'Nelle,7zVOa12T0RhNRzpbwZ4OCt
Team Rush Hour,3GV34zJlfaSxsr8YZ1zEbP
Brytiago,00XhexlJEXQstHimpZN910
Ashley O,14scxEoUN7Dcx1m4EQ7oHe
Lily Allen,13saZpZnCDWOI9D4IJhp1f
Frozen Fire,1dKdAwhgxyjb9NpjfMIckJ
Kay Starr,7rpf45DdbpweG51Acze45i
ppcocaine,2u1aL8XADqj0nJFHMKRjNw
Wallows,0NIPkIjTV8mB795yEIiPYL
Natasha Bedingfield,7o95ZoZt5ZYn31e9z1Hc0a
Skrillex,5he5w2lnU9x7JFhnwcekXX
Disiz La Peste,7rz6ZZErn5YFDteXKhyf3g
Niack,30vzHJVtI7JWEKqk40eOdz
98º,6V03b3Y36lolYP2orXn8mV
Plan B,7qlh1IM1XMeQXA9ukp59au
Senidah,1C5jQlkf0TrFu6rmHZp2X5
ET-KING,3jO3oDlkVv4sTyvm6lyE0p
Raí Saia Rodada,0NiaKn55OzJswiYevvlKfz
Caballero,5DE0by3fZT0nrlJSutY2D7
Brudi030,7J0LWYD28ay7XQBjlWL9jM
STEADY&CO.,2TatKKNpSC0r3IQxZAbii7
Mone Kamishiraishi,68TWc4rraWK3C522KFdt0b
Austin Mahone,04abdnqPQe2N4fjztDea6z
Mom,7LuHX3X7qR5K8ft7ilZKUj
Maggie Rogers,4NZvixzsSefsNiIqXn0NDe
Chase Rice,6pBNfggcZZDCmb0p92OnGn
Zaho,0vN920jukdAbErvjo2OJ2o
Glasperlenspiel,2UFKXTZgKtOTHSqMSyAcLO
True Damage,7xX15v6ahAkcT14kHfB9wB
Josh Turner,7vCtweS8UVAXTyau2j0rDT
Led Zeppelin,36QJpDe2go2KgaRleHCDTp
Beginner,4XkhEirR2JZT4fncyOxxtf
Dalida,04aQfpx1U1WQEJkrvGs4ig
Delara,2PVHjhJWIKgb2yfBTmQerg
Crazy Cousinz,6VXB0WH4MfmhZyongoEYZr
TM NETWORK,6aXIcqTy3R1dqSml9HQZUB
Slim Jxmmi,7EEiVZvj6RCEtVX2F2pyxu
Super Yei,6HqgxkTt9KGyt27zYrwVan
GeG,4sh0yr2z7vdKqzahUgQ5Oi
CJaye,1k6UJX3fICUUXA9W5vnnDD
Felipe Araújo,47uyFQHOD02S0lj9ptRpoB
PUNPEE,0mP8A1qIoufScrsxq18Cw6
ACE COLLECTION,6p3G10bi9yrw3me7CDrCta
Dadá Boladão,36SRwzRkX5zW3ABjJrevqX
Scooby072,61TtyqXua7lLv4FkuynjbV
Tino Rossi,6DOmlxxscipUKFC3MwHsC7
Gallo Nero,7impXYp8gHr8curMVe60gR
HIXTAPE,4SbuhLih8eWLmqFzzmM3AK
EMMA WAHLIN,5vLM0jSwj4TMVhnWuocoaD
"Harry Connick, Jr.",6u17YlWtW4oqFF5Hn9UU79
Ayaka Hirahara,0AzJGufY9eXWy5wHZWQ71H
Savas,5C5hEZzr3BmvYcIPfWMnnC
Tinashe,0NIIxcxNHmOoyBx03SfTCD
Massiv,33Dtwad3snCG92mhmi17WM
Marianas Trench,68EB3QvNdVLkC7SAgDbHIR
Eyedress,3XxNRirzbjfLdDli06zMaB
Kenny Rogers,4tw2Lmn9tTPUv7Gy7mVPI4
Matt Corby,7CIW23FQUXPc1zebnO1TDG
CLiQ,2IQIEHvL14Tj7vOKHbIMMj
Bomba Estéreo,5n9bMYfz9qss2VOW89EVs2
Delacey,1thbOfXak53dM1Xabq3pmb
ヒプノシスマイク -D.R.B- (Bad Ass Temple),3fokOZQsXMeMTyvGHofqup
CHVRCHES,3CjlHNtplJyTf9npxaPl5w
Silk City,2X97ZAqRKRMYFIDqtvGgGc
YUI,5WBO8UyOuJ1l7ZBqqBimpO
MARY,08EO45FsrKqyDaVHocLjug
The Lumineers,16oZKvXb6WkQlVAjwo2Wbg
ALMA,6c0mTNAxJxlp9HpKTUZwA8
Blow,08tVNJseE5WyRIxjZA7KCW
Haze,3SxrBNpBsKhqOA4WX7HSV5
Ray Parker Jr.,0NyzfcGDZZ6GM25EBG9BYK
Z,2mZtGqvo4nxumx0FYQR4mQ
Maverick Sabre,0ukgrNYk51TkMQr0f2Br4Q
Saaff,5N0oMOcqrh2ycDSKCo3raQ
Anton Powers,7h7ahzbTkbAFsshWJ7fOrc
SANTOS,4hK7sEnm0se5bqoI3Yb5o1
Blue Öyster Cult,00tVTdpEhQQw1bqdu8RCx2
Yutaka Ozaki,7Mo0nFEU6E8fGI0P2u7MOl
Lorenz Büffel,6dKYo2aegt1Cpez6tyd2ai
Popp Hunna,3fyhhXHbGVLuSHFk2SYx4I
Rick Springfield,6IFXsrXBpwbIqtOUOiAa3p
Sun Diego,3TqfPVt0HX8GCzNOOjDcum
FLETCHER,5qa31A9HySw3T7MKWI9bGg
Matthy,0QHed4AjWDRonljqAa92EF
wacci,7jCHrVGjeHUYP2pHv8FOJ3
Def Major,4dWykE6p7FVtaFiUUYlPAy
Joey Montana,3ATyg4fGC9F8trfb0GRWmX
PAELLAS,6ELS2XYR8tvJdQyEx8s3ZT
Art Garfunkel,6kEsKkXuE4olX7m3mNLZkS
System Of A Down,5eAWCfyUhZtHHtBdNk56l1
りりあ。,1J6OD7vLbjEuFVgVRlusmS
Papa Roach,4RddZ3iHvSpGV4dvATac9X
Daryl Braithwaite,4t52ndk0OkAxtb4vMDLPhe
Stromae,5j4HeCoUlzhfWtjAfM1acR
SuperM,5BHFSMEjfLVx1JwRWjAOsE
The Faim,6VsU92soWFLtVsSP65rkrN
Alyssa Reid,6okAv2ACUPrUrwux2B17Rc
Disciples,5EehXjjMktLuJmbRsM7YfB
Kristian Kostov,1JjIKP5IOuEDXQVZsbUiB2
Rochy RD,4riOEaOW5hCeqomFDBk0aP
ATB,7jZM5w05mGhw6wTB1okhD9
SRNO,0Kwf0zcciIFGLCKiqNcO6Q
Andrelli,5M2y5A6d5QZjw9JeKClagC
Zoë-Jadha,28yeTvbYqUViJiZcdnnNP6
Thomas Gold,1XLjkBxFokuDTlHt0mQkRe
Pharrell Williams,2RdwBSPQiwcmiDo9kixcl8
Frenetics,3kcJib2XrwGu6mi0vX9P0g
Jjakoveertien,7MW9uAUmWgmvSsv41dg7J0
Coi Leray,6AMd49uBDJfhf30Ak2QR5s
Burak Yeter,4ON1ruy5ijE7ZPQthbrkgI
Hugo Helmig,27eEve8Mu7Zv8DGDIz4peE
Tove Lo,4NHQUGzhtTLFvgF5SZesLK
R. Kelly,2mxe0TnaNL039ysAj51xPQ
Yall,0ZRBa9pTfhhCsJW95F1ugg
Qzeng,2741XFBjSCs37MjhGaGkKT
HMZ,6pg4S5KTCPiEBp0rSWsaI6
Gang of Youths,142YBUGmLWCJigFLzgguf8
ICO,5VkemxUDiz46ZHPdvh0LX0
Mastermind,7cebmXLpLp4Rk2eFI00ppV
The Fray,0zOcE3mg9nS6l3yxt1Y0bK
James TW,0B3N0ZINFWvizfa8bKiz4v
Laas Unltd.,5ZDBkifba6O2TRqyzxGuoq
David Puentez,4gSsv9FQDyXx0GUkZYha7v
Richard Groenendijk,4cMHdEuQdGzHoaPDZqZPEl
Mel & Kim,5XnIjshjqYVE2eDVgSt9Ro
Aitana,7eLcDZDYHXZCebtQmVFL25
Neptunica,5dGsIOepO9ufQlXjW8KrPL
Mooski,4NqH3V7GS0Igs1VyGMXEi8
Keisuke Kuwata,6YIqgghQqnkNne8BKQpW6v
幾田りら,1qM11R4ylJyQiPJ0DffE9z
Only The Family,3IaKn0ExWTMPqa0mscUYw3
PUBLIC,4vxaQs6vK54nK89J1VtLex
FUNKY MONKEY BABYS,6ecCVdF55fHdbVlAu1lJXU
Georg Stengel,7jQYzUpPshdP6jZS7lJSDU
Gabriel Diniz,3WQ1s2QFvL6crxBvrVhwzj
Walker Hayes,7sKxqpSqbIzphAKAhrqvlf
Goldkimono,3krHIfEy37pVe0zjdisDBk
Deno419,3YVjSNOTyXBeEisqAJ2EAG
Vampire Weekend,5BvJzeQpmsdsFp4HGUYUEx
Jaymes Young,6QrQ7OrISRYIfS5mtacaw2
Erabi,3p22sjFokQUthzPg63kqfP
Ruby Fields,1nwPEi1UZdJtCxBqATpsq3
T Garcia,0Ywu6gzkvUaX4ytI5cMXQc
Helly Luv,0lBdxuK0H39asKRIUxLzhm
Campsite Dream,69VkQLf4DH7GJ68BCDOPKL
Cecilia Krull,4SLEmV2rAQ71Ts0qyDGhE8
Jeune Loup,6Mi73JugAPIs069hJzI0rI
Chino & Nacho,5NS0854TqZQVoRmJKSWtFZ
Anevo,1FmrdSfTqWOzQoEoaS7MWb
Meekz,1Pm6hTRjgSkT3B4FCQpW4g
Hayley Kiyoko,3LjhVl7GzYsza1biQjTpaN
ApoRed,5uXtYUItw0wL0dwC3leDOX
Matuê,5nP8x4uEFjAAmDzwOEc9b8
DJ ESCO,2J0JN7EFN10G1Tty6hX0AN
Daniël Busser,0r0RFyxSpdl13hE2e0W0Qx
Men At Work,0f3EsoviYnRKTkmayI3cux
Sarah Lombardi,7iK3kLye8FTBgYuqhg7v5P
HENTAI SHINSHI CLUB,4vN78fN1iEh83Pgaesw2jU
JLS,243YAVpKIE6F0sdWAT3Ll2
The Makemakes,49fUvnsMssQdAWBo7VoKQK
Angelo Kelly & Family,24HH1m8lI6udazkywL13mx
Usher,23zg3TcAtWQy7J6upgbUnj
Guirri Mafia,6XqX8hSumPdlITIh7EHnHt
Kodaline,4BxCuXFJrSWGi1KHcVqaU4
MC Bilal,6YgNQsBEuLr4wrGBVZexN8
Jigzaw,3syirl4cAvDZRaPleyMyS9
Tom Petty,2UZMlIwnkgAEDBsw1Rejkn
Eskimo Callboy,1WNoKxsp715jez1Td4vthc
Spacey Jane,6V70yeZQCoSR2M3fyW8qiA
Johann Sebastian Bach,5aIqB5nVVvmFsvSdExz408
Jayboogz x NAVI,1usmBbXRC0bMPPUaaebBVw
Rob $tone,2hWs22BmQkK4czFtDLnar2
Glee Cast,0SCbttzoZTnLFebDYmAWCm
404Billy,5xMkiuMCSS13z5shShg7Mz
Bilton,5OeY6e62St2Nubj9hbfuIb
Kanaria,1k5LyiTCRzPjORzcgHqJxF
Pretenders,0GByy3DcfbQwDvXGCWmzv9
Tani Yuuki,0B1ce3uNrzkdm76NXI4mhX
Jhorrmountain,3aAX2y0amckZ7WcWoz2f2o
Tom Petty and the Heartbreakers,4tX2TplrkIP4v05BNC903e
Mario,20s0P9QLxGqKuCsGwFsp7w
Timeflies,6dC0rIJNLSFZwqckLgXJ8p
The Beach Boys,3oDbviiivRWhXwIE8hxkVV
The Kooks,1GLtl8uqKmnyCWxHmw9tL4
Gloria Gaynor,6V6WCgi7waF55bJmylC4H5
Were-vana,1f1DjtYgH6yBzBSiGteBJl
Artists for Grenfell,6FX5FKX939Ew7IflBzKfls
DENNIS,6xlRSRMLgZbsSNd0BMobwy
The Boy Next Door,4QfOh8rJ0OddhhXHD5QyWs
Pinkfong,7cTXfwpe9peK0UE1bZyIWZ
Youssoupha,5DW7NxqQ2875JtjuV7KMn4
Sampha,2WoVwexZuODvclzULjPQtm
SHINSKY x DIMA,4iiEdRlpL7LDPxa1Wa0jkj
Knossi,7H8EE2uf8SstFY9lUyid0T
Mitch James,65oocmSeB6z75kHwrZo1le
Mudi,1tnX93BHWyMdBSLhwAzo1j
Naoto Inti Raymi,77SZmOd2zA3L3n9x697iWb
Lotto Boyzz,6TlhWcs3imNDmxFviZjpDX
Malik Montana,1Kjs5u8GQf6zCFdTj6SI9E
Surf Mesa,1lmU3giNF3CSbkVSQmLpHQ
Rak-Su,5UyRaawCsdiVrro0WWgIVB
Tana,0tXy5zpaiYS1HSe5K7W8oL
Zac Efron,6U1dBXJhC8gXFjamvFTmHg
Sky Rompiendo,51XrH5fQP2oIQynuKxSWcW
Loïc Nottet,5nAiCPenjjdpUJAmElxmuu
Yurufuwa Gang,5F80x2l9juqR6RLeuACpqS
Vicetone,0daugAjUgbJSqdlyYNwIbT
DJ Jonathan,5RSYz1KaYXbHfKdlaxAI8O
Lange Frans & Baas B,3GxCjxM4YUabJgybJq06XT
Dímelo Flow,3fZk3Gm5dN5v5yfYMQ04Bx
Australian Crawl,41fDGRDlzczk5Yo2wDo0H4
Avelino,039zhJoEkboZ8Ii6K40Fb6
Ziggy Alberts,6tuPdaFPIytg3l2f51L7Hw
Bano,3rRYsUdlQYCdUp2l0ReFZs
MC MM,3a5ydeAaojKa3CHWe5PVWK
Fekky,0lVH4ReyYkoPMxFDzCQSgO
ENHYPEN,5t5FqBwTcgKTaWmfEbwQY9
Xidir,2SkU1ixh8yKxOslFcuMmji
Kaash Paige,0f2YkMXwFNJNSX7MymevKE
Ritt Momney,7MPGCB854Qo4alYMOPkBka
Choirboys,2u6qHMpQaE48aowjWKJeCM
JP THE WAVY,0hBYSjDjcAaAuSZcpN8jk9
dodie,21TinSsF5ytwsfdyz5VSVS
Butrint Imeri,3oo88ul6DPnYZwZG4CZBTY
Annie Lennox,5MspMQqdVbdwP6ax3GXqum
Mirei Toyama,7Lb6KifoVBVM3cAXiDvirw
CHEMISTRY,257kEbQnBziYfmtmqiNuNE
Eddin,2Diqn1jFkehRd9MVDGKGdq
Kery James,5ydAcIK2KdpBIbL0yGFJle
Lil Monet,19FsxZm98evcrjWFFhHnC4
Don Patricio,6vPXtLmNd3mW0dd1Rb9eQ9
Rube Claws,31UNxhT1AIkN3sSSeSvFX4
PornoGraffitti,5jQa0f5MIMPEK7udL7UpI6
THE YELLOW MONKEY,1xCdTZ5Wu70H6YwsmpgmHg
Ado,6mEQK9m2krja6X1cfsAjfl
MKTO,2l35CQqtYRh3d8ZIiBep4v
Boostee,2PNcNJDYJyoeJqUjgHz9Xa
NCT,48eO052eSDcn8aTxiv6QaG
Solange,2auiVi8sUZo17dLy1HwrTU
Standart Skill,2tHtwM1edk5g3zqMCPOfb6
Gebroeders Rossig,4lvWwzlEM98mFG0Uakl5qb
Jonathan Roy,62ggJuZV87VvP3sAHM0V3K
King Promise,4tIKaxUmpXzshok2yCnwdf
Møme,4lDXfIznmGueBgTjI3qGUX
Fousheé,6trIghKwHRUyxwvm66HLHH
Ryokuoushoku Shakai,4SJ7qRgJYNXB9Yttzs4aSa
Joel Beukers,4kRCRlh1eQG31dr3fGTHKF
Attractions,0AjnB78SikKKhqYoqFIOXn
Badjer,2FUHt23aPFLisAYXN73JMT
You Me At Six,1kNQXvepPjaPgUfeDAF2h6
Maaf,0FIqmdDAR1vmviQZ374bJP
Tim Berg,7iLc4hrjOjQPfg1E3cCHg1
John Lundvik,11LbPHLi2sCqOVjknt0jmW
T MULLA,0yIMlboJ6DHovv1cKPVptn
Nebu Kiniza,5lCY3tqdQxbeg5igSlObaT
Sui,094Hm9iuxQNa81vKcyedCr
Niko B,3GViqleny7XZGug7Ym2Fjk
joysad,6CZr9MXuLgVw8tcZxrf29Z
Hannah Kerr,5FxshnB3eJ2YDn8xN8zDKq
Oh Wonder,5cIc3SBFuBLVxJz58W2tU9
Wilkinson,6m8itYST9ADjBIYevXSb1r
Blackstreet,2P3cjUru4H3fhSXXNxE9kA
Bryan Adams,3Z02hBLubJxuFJfhacLSDc
Dana,2jKndvg84LqMjBGFFKaWLC
Shaun Bate,20tOyD2If72ZVRb9FcYn3Y
Bibi und Tina,2x8vG4f0HYXzMEo3xNsoiI
347aidan,0bBz5bRBkExaej2HxtVfCw
Starian Dwayne McCoy,0suIuJhQZKKKM7PMONCEFc
Portugal. The Man,4kI8Ie27vjvonwaB2ePh8T
The Goo Goo Dolls,2sil8z5kiy4r76CRTXxBCA
Nightcrawlers,1gALaWbNDnwS2ECV09sn2A
Omar Montes,3lY9Fxceu60W1rbon7PkuF
Wink,43sb4bVUPB5mWHAsm9bdT5
Rasmussen,4tWoA7JxH2OmNjkvhI7Z3t
Papaplatte,587WC9AiWHdXXBSOakO3Di
Luca Hänni,5JbALDn35ZrLwVAle4xVqZ
Stefan en Sean,5tbip8eYCoZuXO0A8HV94h
AYA A.K.A PANDA,6H3niqx3EU1Cg14nMe0PhN
Tropijazz,3J8pdA8hGN7lMw8ENo5fRv
Day1,0iFJbJ7jMv5QAmA6hWm6Ic
Fergus James,6iQluOJNzmmaXVVCA0XgbY
Aaron Smith,77qukKzmdI5BeMBR7WGUrN
Neck Deep,2TM0qnbJH4QPhGMCdPt7fH
Tash Sultana,6zVFRTB0Y1whWyH7ZNmywf
lovelytheband,4KJ6jujcNPzOyhdNoiNftp
Bon Iver,4LEiUm1SRbFMgfqnQTwUbQ
Gloria Estefan,5IFCkqu9J6xdWeYMk5I889
JUDY AND MARY,7unNuvk3OEqGmegHTaxRA9
LUNA,2RrkjxcwXz281MxRs8Oqp7
Akwasi,31REX4WGmuDvtihynSCvly
Cö Shu Nie,0LlH6J1tj2TPq7AlwXAkY5
bonobos,4TFfPbcLZFXw1C6zsJhoeX
Koresawa,6sX1XKgDIiAcVZof0SgWUe
Radiohead,4Z8W4fKeB5YxbusRsdQVPb
Gewitter im Kopf,0nSKxL7zGKnZuuLZLSoYNs
Peach PRC,006j2rer9tZJCYniu7SaWS
Cinco,3S8r9fkqybCCXJLhZGA3r1
UNISON SQUARE GARDEN,449AEgfeOxqAuRn0uX6l3u
Red Velvet - IRENE & SEULGI,6bwp9ObI8FWvMPCIWVBmhl
Isaiah Firebrace,5lXfVoQxVgC5fpjkVqvNYn
Yuzmv,1cYA2rnKwpVYe9iVH3Djjm
Rv,4VylF3B1rKCL5tdOJ8VL8o
Lean Trap,3gTZHK9u10mTyoEoT9tJaE
Georgio,6Xc0KDqzw5u6EQLgdfeoKO
Kopp Johnson,1wen3SqBTcqL22jnemgJtp
Hideaki Tokunaga,2FTUpyPZ3hqBPLwmaEH14B
Jay Sean,4pADjHPWyrlAF0FA7joK2H
Jerry Di,7f02bxFbZIOVdSbYRNYvLT
A2M,4JG2Uz00XKYdOZmvcLwrUH
MAJAN,60pVmLS5zlt31OWk340O3U
Chakal,78cKpwHfvadTnUdLKeN7LP
Keys N Krates,6c1pBXHYjFcGQQNO5MMsdd
Tokyo Ska Paradise Orchestra,0UZq6vAHrwGgctvxTzzxYm
Ocs,6eFyS3cm4ANCbAuxQNl7ap
flora cash,6GpcBKNmZDIrRzYkPJu7Wd
ヴァリアス,3QHEO1iC1NAc8wo0aUt5w3
AM La Scampia,0WzzOQ8n065ISKclSusFzY
Tim Dawn,55VC7UDCmceodks4rbHgHe
Schwesta Ewa,7jDSMakHqXFe8kIaXfz8jD
K.S.A,0g5iQz7W3rnBbGOdW8ZnNH
Ralph Felix,3i8emYvhsa8PmLH4zTAvjV
Gabry Ponte,5ENS85nZShljwNgg4wFD7D
Grace VanderWaal,3YdT8QvV4QvY4DfVJhxdcZ
MRD,1Ph1cqOn7flTxltVNis2l9
Stupid Goldfish,0JqP06xsTN1rmZVgV7cEm8
Eli Young Band,6eKWqnckwdIlSnjaYgIyxv
Christina Perri,7H55rcKCfwqkyDFH9wpKM6
3JS,2ZulgXPozVBLNaJPXR8MnV
Dr. Dre,6DPYiyq5kWVQS4RGwxzPC7
MC Kevinho,1mXAhKnZEdF6rotyyd4GBi
Netta,4Z4afeDmHFxPmJorIwupbZ
Patron,3X2M3VS0P1ahTp2305HK1N
S-Pion,3lcaxkgcJetq348VioG0s6
Fat Joe,3ScY9CQxNLQei8Umvpx5g6
Green Day,7oPftvlwr6VrsViSDV7fJY
Jessie Ware,5Mq7iqCWBzofK39FBqblNc
ODESZA,21mKp7DqtSNHhCAU2ugvUw
Franz Ferdinand,0XNa1vTidXlvJ2gHSsRi4A
Dylan Scott,78YqeIji3mgAS2K1Maca6x
ARTY,1rSGNXhhYuWoq9BEz5DZGO
Mel Tormé,4X8QFzZ1HqwPfwDfyjtwXC
Xiara,0A6OfD8GWLEGjoudKJqadn
Kumi Koda,2mGYHril2LuZodRtTX06BC
Bigidagoe,3LIf7xkBp0kqBy9P5vUkFC
Cassow,1tv0GoDAXe0eLXX6PsfcqJ
Greg June,4NblOMEOWHZuq59XaO8OOt
Dú Maroc,2s0YBNTlWf61tFJwKderGS
Fat Les,4BHU68IINW0fZNRIvSOir5
Bruce Springsteen,3eqjTLE0HfPfh78zjh6TqT
Tarcísio do Acordeon,48HORs6F9P7IgdyKrk4MZC
Ahmad Amin,4SZSRsSh4xJx9o5V1uDE1o
Shuta Sueyoshi,3NSKTb4t386KNoI3bP9XVV
Moeman,0wCD0zZxxhHU91kYZolMnu
Dan Caplen,2U3FuHYvL3vhkbDAXm24Ep
SiR,3QTDHixorJelOLxoxcjqGx
IAmChino,0b2GL7Y02vu50qieoQmw1w
Kali Uchis,1U1el3k54VvEUzo3ybLPlM
Kiyoe Yoshioka,7sG4FexEprpVch00GAM0w7
Kevin Jenewein,2SOS4elBtDZ3JwLK8pRldA
Afrojack,4D75GcNG95ebPtNvoNVXhz
SpotemGottem,3Y2MLcrD3ZQXRXmtn4fZQx
Naaz,736HGQRGr9rjG4VmmSpkz8
Doks,3XQLSTYyBneA9vzOEP9OSH
Joakim Lundell,0XNvr6bnNywV946ZKaJtr0
Parker McCollum,0Z8XVUAOBPM4x12wKnFHEQ
Beach Bunny,2vnB6tuQMaQpORiRdvXF9H
DB Omerta,5sCKWuakYloVbUIhqo5ZCa
Andre Hazes,04MtOUkmIDC4LAxDDBjrOY
Trouble,0701LAQrkY5Il5vt06uNnC
Aaron Carter,5338fdSzGNOFD4cxAxDTeq
AKKOGORILLA,7hAHFeP5IiecsxxczqKt0U
Chris Young,4BYxqVkZyFjtik7crYLg5Q
NEW CITY,4X5U7EjHMofqX4mUAkJm23
j-hope,0b1sIQumIAsNbqAoIClSpy
Koffee,1gWjcmBsveEYMxOZ0VRi32
Griff,5RJFJWYgtgWktosLrUDzff
Ray Dalton,4e0nWw2r4BoQSKPQ2zpU13
Game Over,5asZFEvwtp6ex6hX9CFp9f
Ghost Killer Track,37S0GFsBW73uqxGXNFeADJ
Mikolas Josef,6Kz7MXIUFMtp5Ts91lagtR
Kenny Allstar,2abTBfFq5PSoASI2PSysLV
Billy Joel,6zFYqv1mOsgBRQbae3JJ9e
Bene,28OHQv3VZ2gifjWzrqBv1v
DENZO,1pQtc9O0CKJYhvaICw39z9
Andrew Andraos,0ffoIkovMbaG01Y6U2jyAS
Josh Jips,7pDNT9t9TSWL2W9hGz9xpA
Wolfgang,3hACKYs8FPF33SDB7cACtd
Sonoko Inoue,71hQB5jxdNiHk5gzZRhicQ
Fiona Apple,3g2kUQ6tHLLbmkV7T4GPtL
DDG,0WK3H9OErSn5zKOkOV5egm
Finn,4p8fvQcLMWToTpmezUb8T5
Hamzo 500,6LrvDsBK2WHWUERZHLbwvx
Kurt Nilsen,49HPMFWsosCuRf810Ay1Vv
Lesram,7jmreBCttFlNSGCz9A2xNh
MATZ,55vjGKmlvpOxuYjwGjBKrD
Leroy Styles,2MoxYOhy9ooC8KRcdgIFif
PSO THUG,34dSaKok3USBivMGTmIlXx
ElGrandeToto,4BFLElxtBEdsdwGA1kHTsx
Kinneret,5pnHmnSlN4hJqjG3VWtdYJ
Dior,5aR7M98Z0H5SzbGOIfkIQt
Janelle Monáe,6ueGR6SWhUJfvEhqkvMsVs
Angelcy,2BLqT1DuND6cAhJodiKmc2
MZ,0xEVr5H3VEj3g11u1q6ifW
Querbeat,3bUA5ltyxKcuYe5G2U0GA4
CRISPIE,0FsniWxk7B9Y5rOYxRrqiL
Koen,6vwz7HydONQujdnKzrsSUf
le Shuuk,7bH17jyjkwMPMh9AS8EH0u
Ramon Roselly,4IGHrMehf0qXOHkKxECWAn
Clairo,3l0CmX0FuQjFxr8SK7Vqag
KEiiNO,0chh7dlaUzEreDTulHiOlm
GLIM SPANKY,4sWyw0OrBKwmiaPOAuTuig
Los Legendarios,0n6sKrG0xKAf8xmdqeNGke
carolesdaughter,2hiq2iBnUik3mrOfEgRSpB
Solardo,0oO1IaDOBSeI96HbnCa5pZ
JOWST,2m0y0cDl1US03sYgxv9r6s
7 Jaws,2HXioEvQuzCcNmRsImBTET
Ricky Martin,7slfeZO9LsJbWgpkIoXBUJ
Yung Bleu,3KNIG74xSTc3dj0TRy7pGX
Wesley Safadão,1AL2GKpmRrKXkYIcASuRFa
Carbozo,1r8lodN1CqZ2BXsJd51aGm
Sugarland,0hYxQe3AK5jBPCr5MumLHD
Pooh Shiesty,5F1aAS1duwlzExnPs3l2Xe
Johnny Cash,6kACVPfCOnqzgfEF5ryl0x
Jumpa,4Xz5sxFWivrXWQlDlO25is
GATTÜSO,3PlRvQnVE3XAbtHUNc4nic
Angelo King,1Q0kuvgP9fC9Y5OCP1mzOV
Murda Beatz,3CbYyyd8wH3RT6t0jwpdzC
Hilcrhyme,5sefnd4yMQNYe9fuLi2XYw
Rusherking,3Apb2lGmGJaBmr0TTBJvIZ
Lawineboys,4y6ycmATEW4V7Ce0Dv0Hs4
Picture This,7jLSEPYCYQ5ssWU3BICqrW
Mahmut Orhan,3t8WiyalpvnB9AObcMufiE
Young M.A,7LvoDJUNGnOrPdGRzVtOJ9
Sol Calor,5CUXWZ485yE6im34MWIvoj
WHTKD,57ms6nMdMlFD6665yAVW3B
Ghali,3egWSWp7Y4FyCKIyvXbw7L
The Notorious B.I.G.,5me0Irg2ANcsgc93uaYrpb
Hurts,3w4VAlllkAWI6m0AV0Gn6a
End of the World,0b59cVa1STVENq3i7wkcHV
Younotus,67ghKnycRX6VM1xfqJSMlH
Donny Hathaway,0HU0U9kdXEHZVxUNbuQe8S
Hippie Sabotage,4dM6NDYSfLcspt8GLoT5aE
Tempalay,5IlQkA8Lq4X0dOWHBumeJP
salem ilese,3QJUFtGBGL05vo0kCJZsmT
Zikxo,7rjPaOQdQeTIQhmApviFqe
Nevada,15NtJjjHRFybdNSMyM9smT
Clandistino,6jS6JOoUxuUrEKDDrciQzm
CORPSE,7yntSJ6uojO3z6GFUVwhAW
EO,0M42FTSaBb8W0laID5CR0U
Jérémy Frerot,4lhtlpMg6j1absrQvXYlRK
Lynyrd Skynyrd,4MVyzYMgTwdP7Z49wAZHx0
Powfu,6bmlMHgSheBauioMgKv2tn
Soundgarden,5xUf6j4upBrXZPg6AI4MRK
Boku no Lyric no Boyomi,6vopmRBXGtMV0MMVJtzbWD
Stace Cadet,4C825UjHAWCMvdZwbtpwDT
Anbu,1NnCQBhIXGClPIkH3v104f
MNEK,7uMh23xWiuR7zsNkuNcm2G
A1 x J1,1WO1hFAkFbeo9tV3uVX7Dy
Herve Pagez,31JFnMfmvwzZGdEnXaKGek
Luche,3yiEJ9SByXZMXTwaKdVFN4
Brent,35EByCqBoI2ze5Gf1cqdQu
Hunters & Collectors,7udwYystFcvYziV36ZIwuh
Fitz and The Tantrums,4AcHt3JxKy59IX7JNNlZn4
Sultan + Shepard,14Tg9FvbNismPR1PJHxRau
SR,2NZN0JDhWXmMmhSXTbhm1h
ALI,2Qqrew4ZcEwf9NY7UqWGfU
Cauty,2QUvtLq6oQaX0LNsYY2fas
X Ambassadors,3NPpFNZtSTHheNBaWC82rB
Coolio,3y24n3XhZ96wgwRXjvS17T
Studio Killers,7avo0PmlW8O1YLEt9DnWQT
Yung Internet,2XxoalhYJxXjU56POu1q7V
Rico,0tB1eRtIYK7QFbKFdfJoza
Serge Ibaka,4fDx6CTJ4KWhnAg6TvwmWe
Chris & Kem,6mE4CFfU3nDnK6krFTNmz4
EXID,1xs6WFotNQSXweo0GXrS0O
DJ Scheme,1m7LSAMIB1BErIHYSOn32W
gnash,3iri9nBFs9e4wN7PLIetAw
Morgan Evans,6fzQ81ouajOEFqCIB9VwrS
Ayoub Maach,6lNP6HiSpWcr1NpO3MLcXj
Paloma Mami,7rOlQwf8OuFLFQp4aydjBt
Hinatazaka46,0eQSoTI7sQENREQM8Klp2j
James Hersey,0lzV2CiahHRiGd6qpADtPS
Alex Sensation,0OROVBEZCocg0FcgJpyBse
Dv,4MgUht9kRLFmS5uNiycgeC
Jasmine Thompson,2TL8gYTNgD6nXkyuUdDrMg
Pietro Basile,29JWo79GMywsGJ5lY8HrCc
Stargate,7KUri7klyLaIFXLcuuOMCd
Tavi Castro,2Zvn8gcaucDuMsjgw9o7SY
Freddy Gladieux,4KbmIh6ZR008MKManlHO6n
DiRTY RADiO,7bhcf6U7Lu1Ra9u0oWLM5x
Brando,5uEeqYFuIChoWKy34jp8xE
Filmový symfonický orchestr,4FogApwkGJLnc2tflGrhlG
Petter Ferraz,6gGJH7joTDx9M3xREiAq9U
Loote,00TKPo9MxwZ0j4ooveIxWZ
Yseult,1QsdzIKkTT5gDFj8GB1cIX
Lena,0zcvdNaCV5BhEfpULJ9QVl
Michael Wendler,3nrxbDUVMUDDrBCRposrDL
Saint Motel,1dWEYMPtNmvSVaDNLgB6NV
Hitimpulse,2dMO34aTE4wTRQZkgDehMF
Rotjoch United,0vr6C9PMmAbLj86vuQA4pS
Et demain ? Le collectif,2pCzfmIPJjOCcEfsOqSCFO
James Barker Band,54lUDwCk35ihJuK3yJCqHA
Vinzzent,3fUb97KMK2mirr4PQrYKVX
Martina McBride,3P33qFNGBVXl86yQYWspFj
Frisco,1AKNroq6zJX4DlJaA0dcKw
OMI,5MouCg6ta7zAxsfMEbc1uh
Tomoya Nakamura,7o08DLFYZ6gG3ihZLp7j8X
Naotaro Moriyama,31VPfrPEa86aKpD2LT3Ued
SKG,4dZzpakTDlQy33Iwvf3reB
San Holo,0jNDKefhfSbLR9sFvcPLHo
Andreas Gabalier,4rp8rIXbwp93MnStnqDGQD